-- phpMyAdmin SQL Dump
-- version 4.0.10.6
-- http://www.phpmyadmin.net
--
-- Хост: 127.0.0.1:3306
-- Время создания: Окт 05 2016 г., 08:39
-- Версия сервера: 5.5.41-log
-- Версия PHP: 5.6.3

SET SQL_MODE = "NO_AUTO_VALUE_ON_ZERO";
SET time_zone = "+00:00";


/*!40101 SET @OLD_CHARACTER_SET_CLIENT=@@CHARACTER_SET_CLIENT */;
/*!40101 SET @OLD_CHARACTER_SET_RESULTS=@@CHARACTER_SET_RESULTS */;
/*!40101 SET @OLD_COLLATION_CONNECTION=@@COLLATION_CONNECTION */;
/*!40101 SET NAMES utf8 */;

--
-- База данных: `idsoft`
--

-- --------------------------------------------------------

--
-- Структура таблицы `blocks`
--

CREATE TABLE IF NOT EXISTS `blocks` (
  `name` varchar(255) COLLATE utf8_unicode_ci NOT NULL,
  `title` varchar(255) COLLATE utf8_unicode_ci NOT NULL,
  `show` tinyint(1) NOT NULL,
  KEY `blocks_name_index` (`name`)
) ENGINE=InnoDB DEFAULT CHARSET=utf8 COLLATE=utf8_unicode_ci;

--
-- Дамп данных таблицы `blocks`
--

INSERT INTO `blocks` (`name`, `title`, `show`) VALUES
('static_site', '', 0),
('main_menu', '', 0),
('catalog_block', '', 0),
('auto_block', '', 0),
('accounting_block', '', 0),
('clients_block', '', 0),
('clients_filter', '', 0),
('dom_all_images', '', 0),
('fidback', '', 0);

-- --------------------------------------------------------

--
-- Структура таблицы `bools`
--

CREATE TABLE IF NOT EXISTS `bools` (
  `id` int(10) unsigned NOT NULL AUTO_INCREMENT,
  `block_name` varchar(255) COLLATE utf8_unicode_ci NOT NULL,
  `group_id` int(11) NOT NULL,
  `group_name` varchar(255) COLLATE utf8_unicode_ci NOT NULL,
  `name` varchar(255) COLLATE utf8_unicode_ci NOT NULL,
  `value` tinyint(1) NOT NULL,
  PRIMARY KEY (`id`)
) ENGINE=InnoDB  DEFAULT CHARSET=utf8 COLLATE=utf8_unicode_ci AUTO_INCREMENT=19 ;

--
-- Дамп данных таблицы `bools`
--

INSERT INTO `bools` (`id`, `block_name`, `group_id`, `group_name`, `name`, `value`) VALUES
(1, 'auto_block', 62, 'auto', 'is_iiko', 0),
(2, 'auto_block', 65, 'auto', 'is_iiko', 0),
(3, 'auto_block', 86, 'auto', 'is_iiko', 0),
(4, 'auto_block', 87, 'auto', 'is_iiko', 0),
(5, 'auto_block', 90, 'auto', 'is_iiko', 0),
(6, 'auto_block', 91, 'auto', 'is_iiko', 1),
(7, 'auto_block', 92, 'auto', 'is_iiko', 1),
(8, 'auto_block', 93, 'auto', 'is_iiko', 1),
(9, 'auto_block', 94, 'auto', 'is_iiko', 1),
(10, 'auto_block', 95, 'auto', 'is_iiko', 1),
(11, 'auto_block', 96, 'auto', 'is_iiko', 1),
(12, 'fidback', 180, 'question', 'mailed', 0),
(13, 'fidback', 181, 'question', 'mailed', 0),
(14, 'fidback', 182, 'question', 'mailed', 0),
(15, 'fidback', 183, 'question', 'mailed', 0),
(16, 'fidback', 184, 'question', 'mailed', 0),
(17, 'fidback', 185, 'question', 'mailed', 0),
(18, 'fidback', 186, 'question', 'mailed', 0);

-- --------------------------------------------------------

--
-- Структура таблицы `crops`
--

CREATE TABLE IF NOT EXISTS `crops` (
  `id` int(10) unsigned NOT NULL AUTO_INCREMENT,
  `value` varchar(255) COLLATE utf8_unicode_ci NOT NULL,
  `name` varchar(255) COLLATE utf8_unicode_ci NOT NULL,
  `image_name` varchar(255) COLLATE utf8_unicode_ci NOT NULL,
  `block_name` varchar(255) COLLATE utf8_unicode_ci NOT NULL,
  `group_name` varchar(255) COLLATE utf8_unicode_ci NOT NULL,
  `group_id` int(11) NOT NULL,
  `image_id` int(11) NOT NULL,
  `alt` varchar(255) COLLATE utf8_unicode_ci NOT NULL,
  `link` varchar(255) COLLATE utf8_unicode_ci NOT NULL,
  `man_sufix` varchar(255) COLLATE utf8_unicode_ci NOT NULL,
  `target_sufix` varchar(255) COLLATE utf8_unicode_ci NOT NULL,
  `cache_index` int(11) NOT NULL,
  `man_x1` int(11) NOT NULL,
  `man_y1` int(11) NOT NULL,
  `man_x2` int(11) NOT NULL,
  `man_y2` int(11) NOT NULL,
  `target_x1` int(11) NOT NULL,
  `target_y1` int(11) NOT NULL,
  `target_x2` int(11) NOT NULL,
  `target_y2` int(11) NOT NULL,
  PRIMARY KEY (`id`)
) ENGINE=InnoDB  DEFAULT CHARSET=utf8 COLLATE=utf8_unicode_ci AUTO_INCREMENT=20 ;

--
-- Дамп данных таблицы `crops`
--

INSERT INTO `crops` (`id`, `value`, `name`, `image_name`, `block_name`, `group_name`, `group_id`, `image_id`, `alt`, `link`, `man_sufix`, `target_sufix`, `cache_index`, `man_x1`, `man_y1`, `man_x2`, `man_y2`, `target_x1`, `target_y1`, `target_x2`, `target_y2`) VALUES
(1, '', 'big', 'background', 'clients_block', 'client', 101, 107, '', 'crops/client_background_101_big.jpg', 'secondary', 'secondary', 13, 149, 0, 599, 280, 148, 0, 598, 280),
(2, '', 'crop_name2', 'background', 'clients_block', 'client', 101, 107, '', 'crops/client_background_101_crop_name2.jpg', 'primary', 'primary', 13, 500, 150, 700, 300, 500, 150, 700, 300),
(3, '', 'medium', 'background', 'clients_block', 'client', 101, 107, '', 'crops/client_background_101_medium.jpg', 'secondary', 'secondary', 12, 269, 35, 479, 245, 268, 35, 478, 245),
(4, '', 'small', 'background', 'clients_block', 'client', 101, 107, '', 'crops/client_background_101_small.jpg', 'secondary', 'secondary', 12, 269, 70, 479, 210, 268, 70, 478, 210),
(5, '', 'big', 'background', 'clients_block', 'client', 102, 108, '', 'crops/client_background_102_big.jpg', 'secondary', 'secondary', 2, 149, 0, 599, 280, 148, 0, 598, 280),
(6, '', 'medium', 'background', 'clients_block', 'client', 102, 108, '', 'crops/client_background_102_medium.jpg', 'secondary', 'secondary', 2, 269, 35, 479, 245, 268, 35, 478, 245),
(7, '', 'small', 'background', 'clients_block', 'client', 102, 108, '', 'crops/client_background_102_small.jpg', 'secondary', 'secondary', 2, 269, 70, 479, 210, 268, 70, 478, 210),
(8, '', 'big', 'background', 'clients_block', 'client', 103, 109, '', 'crops/client_background_103_big.jpg', 'secondary', 'secondary', 2, 149, 0, 599, 280, 148, 0, 598, 280),
(9, '', 'medium', 'background', 'clients_block', 'client', 103, 109, '', 'crops/client_background_103_medium.jpg', 'secondary', 'secondary', 2, 269, 35, 479, 245, 268, 35, 478, 245),
(10, '', 'small', 'background', 'clients_block', 'client', 103, 109, '', 'crops/client_background_103_small.jpg', 'secondary', 'secondary', 2, 269, 70, 479, 210, 268, 70, 478, 210),
(11, '', 'big', 'background', 'clients_block', 'client', 104, 110, '', 'crops/client_background_104_big.jpg', 'secondary', 'secondary', 2, 149, 0, 599, 280, 148, 0, 598, 280),
(12, '', 'medium', 'background', 'clients_block', 'client', 104, 110, '', 'crops/client_background_104_medium.jpg', 'secondary', 'secondary', 2, 269, 35, 479, 245, 268, 35, 478, 245),
(13, '', 'small', 'background', 'clients_block', 'client', 104, 110, '', 'crops/client_background_104_small.jpg', 'secondary', 'secondary', 2, 269, 70, 479, 210, 268, 70, 478, 210),
(14, '', 'big', 'background', 'clients_block', 'client', 105, 111, '', 'crops/client_background_105_big.jpg', 'secondary', 'secondary', 2, 149, 0, 599, 280, 148, 0, 598, 280),
(15, '', 'medium', 'background', 'clients_block', 'client', 105, 111, '', 'crops/client_background_105_medium.jpg', 'secondary', 'secondary', 2, 269, 35, 479, 245, 268, 35, 478, 245),
(16, '', 'small', 'background', 'clients_block', 'client', 105, 111, '', 'crops/client_background_105_small.jpg', 'secondary', 'secondary', 2, 269, 70, 479, 210, 268, 70, 478, 210),
(17, '', 'big', 'background', 'clients_block', 'client', 106, 112, '', 'crops/client_background_106_big.jpg', 'secondary', 'secondary', 2, 149, 0, 599, 280, 148, 0, 598, 280),
(18, '', 'medium', 'background', 'clients_block', 'client', 106, 112, '', 'crops/client_background_106_medium.jpg', 'secondary', 'secondary', 2, 269, 35, 479, 245, 268, 35, 478, 245),
(19, '', 'small', 'background', 'clients_block', 'client', 106, 112, '', 'crops/client_background_106_small.jpg', 'secondary', 'secondary', 2, 269, 70, 479, 210, 268, 70, 478, 210);

-- --------------------------------------------------------

--
-- Структура таблицы `groups`
--

CREATE TABLE IF NOT EXISTS `groups` (
  `id` int(10) unsigned NOT NULL AUTO_INCREMENT,
  `slug` varchar(255) COLLATE utf8_unicode_ci NOT NULL,
  `owner_id` int(10) unsigned NOT NULL,
  `group_owner_name` varchar(255) COLLATE utf8_unicode_ci NOT NULL,
  `group_name` varchar(255) COLLATE utf8_unicode_ci NOT NULL,
  `block_name` varchar(255) COLLATE utf8_unicode_ci NOT NULL,
  `title` varchar(255) COLLATE utf8_unicode_ci NOT NULL,
  `sorter` int(11) NOT NULL,
  `show` tinyint(1) NOT NULL,
  `created_at` timestamp NOT NULL DEFAULT '0000-00-00 00:00:00',
  `updated_at` timestamp NOT NULL DEFAULT '0000-00-00 00:00:00',
  PRIMARY KEY (`id`),
  KEY `groups_slug_index` (`slug`),
  KEY `groups_owner_id_index` (`owner_id`),
  KEY `groups_group_owner_name_index` (`group_owner_name`),
  KEY `groups_group_name_index` (`group_name`),
  KEY `groups_block_name_index` (`block_name`)
) ENGINE=InnoDB  DEFAULT CHARSET=utf8 COLLATE=utf8_unicode_ci AUTO_INCREMENT=187 ;

--
-- Дамп данных таблицы `groups`
--

INSERT INTO `groups` (`id`, `slug`, `owner_id`, `group_owner_name`, `group_name`, `block_name`, `title`, `sorter`, `show`, `created_at`, `updated_at`) VALUES
(45, '', 0, '', 'menu', 'main_menu', '', 1, 0, '2016-09-01 23:46:57', '2016-09-01 23:46:57'),
(46, '', 0, '', 'menu', 'main_menu', '', 2, 0, '2016-09-01 23:46:58', '2016-09-01 23:46:58'),
(47, '', 0, '', 'menu', 'main_menu', '', 3, 0, '2016-09-01 23:47:00', '2016-09-01 23:47:00'),
(48, '', 0, '', 'menu', 'main_menu', '', 4, 0, '2016-09-01 23:47:42', '2016-09-01 23:47:42'),
(49, '', 0, '', 'menu', 'main_menu', '', 5, 0, '2016-09-01 23:47:43', '2016-09-01 23:47:43'),
(50, '', 0, '', 'menu', 'main_menu', '', 6, 0, '2016-09-01 23:47:44', '2016-09-01 23:47:45'),
(51, 'oborudovanie-dlya-avtomatizacii', 0, '', 'category_1', 'catalog_block', '', 1, 0, '2016-09-02 01:00:07', '2016-09-05 05:04:50'),
(52, '', 0, '', 'category_1', 'catalog_block', '', 2, 0, '2016-09-02 01:00:08', '2016-09-02 01:00:08'),
(53, '', 0, '', 'category_1', 'catalog_block', '', 3, 0, '2016-09-02 01:00:09', '2016-09-02 01:00:09'),
(54, '', 0, '', 'category_1', 'catalog_block', '', 4, 0, '2016-09-02 01:00:10', '2016-09-02 01:00:10'),
(55, 'programmnoe-obespechenie', 54, '', 'category_2', 'catalog_block', '', 1, 0, '2016-09-02 01:01:57', '2016-09-29 22:25:02'),
(56, 'pos-system', 51, '', 'category_2', 'catalog_block', '', 1, 0, '2016-09-02 01:06:02', '2016-09-28 00:25:52'),
(57, 'printer-etiketok', 51, '', 'category_2', 'catalog_block', '', 2, 0, '2016-09-02 01:06:04', '2016-09-28 00:26:23'),
(58, 'hd-camery', 53, '', 'category_2', 'catalog_block', '', 1, 0, '2016-09-02 01:06:08', '2016-09-28 00:35:42'),
(59, '', 53, '', 'category_2', 'catalog_block', '', 2, 0, '2016-09-02 01:06:09', '2016-09-02 01:06:09'),
(60, 'manhetten', 52, '', 'category_2', 'catalog_block', '', 1, 0, '2016-09-02 01:06:13', '2016-09-28 00:36:54'),
(61, '', 52, '', 'category_2', 'catalog_block', '', 2, 0, '2016-09-02 01:06:14', '2016-09-02 01:06:14'),
(62, 'restorani_i_kafe', 0, '', 'auto', 'auto_block', '', 1, 0, '2016-09-02 01:06:19', '2016-09-28 00:33:55'),
(63, '', 0, '', 'tarif_category', 'accounting_block', '', 1, 0, '2016-09-02 01:06:25', '2016-09-02 01:06:25'),
(64, '', 0, '', 'tarif_category', 'accounting_block', '', 2, 0, '2016-09-02 01:06:26', '2016-09-02 01:06:26'),
(65, 'fast-food', 0, '', 'auto', 'auto_block', '', 2, 0, '2016-09-02 02:00:26', '2016-09-30 03:08:04'),
(66, 'paloma365', 55, '', 'product', 'catalog_block', '', 1, 0, '2016-09-02 02:04:06', '2016-09-29 22:38:15'),
(68, '', 0, '', 'phones', 'static_site', '', 1, 0, '2016-09-02 04:34:21', '2016-09-02 04:34:21'),
(69, '', 0, '', 'phones', 'static_site', '', 2, 0, '2016-09-02 04:34:22', '2016-09-02 04:34:22'),
(70, 'detector-valut', 51, '', 'category_2', 'catalog_block', '', 3, 0, '2016-09-04 22:56:24', '2016-09-28 00:26:32'),
(71, 'vesy-torgovie', 51, '', 'category_2', 'catalog_block', '', 4, 0, '2016-09-04 22:56:26', '2016-09-28 00:26:43'),
(72, 'printery-chekovie', 51, '', 'category_2', 'catalog_block', '', 5, 0, '2016-09-04 22:56:27', '2016-09-28 00:26:55'),
(73, 'schetchiki-banknot', 51, '', 'category_2', 'catalog_block', '', 6, 0, '2016-09-04 22:56:28', '2016-09-28 00:27:10'),
(74, 'cash-box', 51, '', 'category_2', 'catalog_block', '', 7, 0, '2016-09-04 22:56:29', '2016-09-28 00:27:22'),
(75, 'skaner-kod', 51, '', 'category_2', 'catalog_block', '', 8, 0, '2016-09-04 22:56:29', '2016-09-28 00:27:30'),
(76, 'bumaga-i-etiketki', 51, '', 'category_2', 'catalog_block', '', 9, 0, '2016-09-04 22:56:30', '2016-09-28 00:27:44'),
(77, 'displey-pokupatelya', 51, '', 'category_2', 'catalog_block', '', 10, 0, '2016-09-04 22:56:31', '2016-09-28 00:28:01'),
(78, 'terminali-sbora-dannyh', 51, '', 'category_2', 'catalog_block', '', 11, 0, '2016-09-04 22:56:32', '2016-09-28 00:28:12'),
(79, 'ip-telephonia', 51, '', 'category_2', 'catalog_block', '', 12, 0, '2016-09-04 22:56:33', '2016-09-28 00:28:21'),
(80, 'kassa-box', 51, '', 'category_2', 'catalog_block', '', 13, 0, '2016-09-04 22:56:33', '2016-09-28 00:28:30'),
(81, 'kassa-apparaty', 51, '', 'category_2', 'catalog_block', '', 14, 0, '2016-09-04 22:56:34', '2016-09-28 00:28:38'),
(83, '', 0, '', 'adventages', 'static_site', '', 1, 0, '2016-09-06 03:20:20', '2016-09-06 03:20:20'),
(84, '', 0, '', 'adventages', 'static_site', '', 2, 0, '2016-09-06 03:20:23', '2016-09-06 03:20:23'),
(85, '', 0, '', 'adventages', 'static_site', '', 3, 0, '2016-09-06 03:28:13', '2016-09-06 03:28:13'),
(86, 'rozn-magaz', 0, '', 'auto', 'auto_block', '', 3, 0, '2016-09-06 04:32:23', '2016-09-30 03:08:08'),
(87, 'fashion-center', 0, '', 'auto', 'auto_block', '', 4, 0, '2016-09-06 04:32:24', '2016-09-30 03:08:19'),
(88, '', 53, '', 'category_2', 'catalog_block', '', 3, 0, '2016-09-06 04:58:41', '2016-09-06 04:58:41'),
(89, '', 52, '', 'category_2', 'catalog_block', '', 3, 0, '2016-09-07 22:32:23', '2016-09-07 22:32:23'),
(90, 'butiki', 0, '', 'auto', 'auto_block', '', 5, 0, '2016-09-07 23:40:02', '2016-09-30 03:08:26'),
(91, 'set-restoranov', 0, '', 'auto', 'auto_block', '', 6, 0, '2016-09-07 23:40:03', '2016-09-28 00:34:43'),
(92, 'restoran-u-stola', 0, '', 'auto', 'auto_block', '', 7, 0, '2016-09-07 23:40:04', '2016-09-30 03:08:38'),
(93, 'restoran-bist-obsl', 0, '', 'auto', 'auto_block', '', 8, 0, '2016-09-07 23:40:10', '2016-09-30 03:08:47'),
(94, 'nebolshoe-zavedenie', 0, '', 'auto', 'auto_block', '', 9, 0, '2016-09-07 23:40:11', '2016-09-30 03:08:58'),
(95, 'dostavka', 0, '', 'auto', 'auto_block', '', 10, 0, '2016-09-07 23:40:13', '2016-09-30 03:09:05'),
(96, 'korporotivnoe-pitanie', 0, '', 'auto', 'auto_block', '', 11, 0, '2016-09-07 23:40:14', '2016-09-30 03:09:17'),
(97, '', 0, '', 'institution', 'clients_filter', '', 1, 0, '2016-09-26 21:13:48', '2016-09-26 21:13:48'),
(98, '', 0, '', 'institution', 'clients_filter', '', 2, 0, '2016-09-26 21:14:55', '2016-09-26 21:14:55'),
(99, '', 0, '', 'institution', 'clients_filter', '', 3, 0, '2016-09-26 21:14:57', '2016-09-26 21:14:57'),
(100, '', 0, '', 'institution', 'clients_filter', '', 4, 0, '2016-09-26 21:14:58', '2016-09-26 21:14:58'),
(101, 'latartine', 0, '', 'client', 'clients_block', '', 1, 0, '2016-09-26 21:17:58', '2016-10-02 21:19:07'),
(102, 'boohouse', 0, '', 'client', 'clients_block', '', 2, 0, '2016-09-26 21:17:59', '2016-10-02 21:27:37'),
(103, 'shisha-lounge', 0, '', 'client', 'clients_block', '', 3, 0, '2016-09-26 21:18:00', '2016-10-02 21:27:51'),
(104, 'buitymania', 0, '', 'client', 'clients_block', '', 4, 0, '2016-09-26 23:34:23', '2016-10-02 21:28:08'),
(105, 'mon-amie', 0, '', 'client', 'clients_block', '', 5, 0, '2016-09-26 23:34:24', '2016-10-02 21:28:27'),
(106, 'kaganat', 0, '', 'client', 'clients_block', '', 6, 0, '2016-09-26 23:34:25', '2016-10-02 21:28:50'),
(107, 'monoblok-citaq-a1', 56, '', 'product', 'catalog_block', '', 1, 0, '2016-09-28 01:37:05', '2016-09-28 02:34:01'),
(109, '', 107, '', 'product_auto', 'catalog_block', '', 1, 0, '2016-09-29 00:33:49', '2016-09-29 00:33:49'),
(110, '', 107, '', 'product_related', 'catalog_block', '', 1, 0, '2016-09-29 00:36:01', '2016-09-29 00:36:01'),
(111, '', 107, '', 'product_features', 'catalog_block', '', 1, 0, '2016-09-29 00:36:09', '2016-09-29 00:36:09'),
(112, '', 107, '', 'product_features', 'catalog_block', '', 2, 0, '2016-09-29 00:36:26', '2016-09-29 00:36:26'),
(113, '', 107, '', 'product_features', 'catalog_block', '', 3, 0, '2016-09-29 00:37:06', '2016-09-29 00:37:06'),
(115, '', 107, '', 'product_features', 'catalog_block', '', 5, 0, '2016-09-29 00:37:07', '2016-09-29 00:37:07'),
(116, '', 107, '', 'product_features', 'catalog_block', '', 6, 0, '2016-09-29 00:37:08', '2016-09-29 00:37:08'),
(117, '', 107, '', 'product_features', 'catalog_block', '', 7, 0, '2016-09-29 00:37:08', '2016-09-29 00:37:08'),
(118, '', 107, '', 'product_features', 'catalog_block', '', 8, 0, '2016-09-29 00:37:09', '2016-09-29 00:37:09'),
(119, '', 107, '', 'product_features', 'catalog_block', '', 9, 0, '2016-09-29 00:37:09', '2016-09-29 00:37:09'),
(120, '', 107, '', 'product_auto', 'catalog_block', '', 2, 0, '2016-09-29 00:38:40', '2016-09-29 00:38:40'),
(121, '', 107, '', 'product_auto', 'catalog_block', '', 3, 0, '2016-09-29 00:38:44', '2016-09-29 00:38:44'),
(122, '', 107, '', 'product_image', 'catalog_block', '', 1, 0, '2016-09-29 00:56:41', '2016-09-29 00:56:41'),
(127, '', 107, '', 'soft_related', 'catalog_block', '', 1, 0, '2016-09-29 02:47:25', '2016-09-29 02:47:25'),
(130, '', 107, '', 'soft_related', 'catalog_block', '', 2, 0, '2016-09-29 03:16:41', '2016-09-29 03:16:41'),
(135, '', 66, '', 'product_features', 'catalog_block', '', 1, 0, '2016-09-29 22:46:53', '2016-09-29 22:46:53'),
(136, '', 66, '', 'product_features', 'catalog_block', '', 2, 0, '2016-09-29 22:46:54', '2016-09-29 22:46:54'),
(137, '', 66, '', 'product_features', 'catalog_block', '', 3, 0, '2016-09-29 22:46:55', '2016-09-29 22:46:55'),
(138, '', 66, '', 'product_features', 'catalog_block', '', 4, 0, '2016-09-29 22:46:57', '2016-09-29 22:46:57'),
(139, '', 0, '', 'images_set', 'dom_all_images', '', 99, 1, '2016-09-30 00:14:11', '2016-09-30 00:14:11'),
(141, '', 62, '', 'auto_adv', 'auto_block', '', 2, 0, '2016-09-30 01:32:25', '2016-09-30 01:32:26'),
(142, '', 62, '', 'auto_adv', 'auto_block', '', 3, 0, '2016-09-30 01:38:08', '2016-09-30 01:38:08'),
(143, '', 62, '', 'auto_related', 'auto_block', '', 1, 0, '2016-09-30 01:47:17', '2016-09-30 01:47:18'),
(144, '', 62, '', 'auto_related', 'auto_block', '', 2, 0, '2016-09-30 01:47:19', '2016-09-30 01:47:19'),
(146, '', 0, '', 'acc_adv', 'accounting_block', '', 1, 0, '2016-10-01 00:05:38', '2016-10-01 00:05:39'),
(147, '', 0, '', 'acc_adv', 'accounting_block', '', 2, 0, '2016-10-01 00:05:43', '2016-10-01 00:05:43'),
(148, '', 0, '', 'employs', 'accounting_block', '', 1, 0, '2016-10-01 00:21:32', '2016-10-01 00:21:33'),
(149, '', 0, '', 'employs', 'accounting_block', '', 2, 0, '2016-10-01 00:21:35', '2016-10-01 00:21:35'),
(150, 'ur-prom', 63, '', 'tarif', 'accounting_block', '', 1, 0, '2016-10-01 01:31:29', '2016-10-01 03:22:15'),
(151, 'sel-hoz', 63, '', 'tarif', 'accounting_block', '', 2, 0, '2016-10-01 01:31:29', '2016-10-01 03:21:16'),
(152, 'obshepit', 64, '', 'tarif', 'accounting_block', '', 1, 0, '2016-10-01 03:17:49', '2016-10-01 03:20:22'),
(153, 'prom', 64, '', 'tarif', 'accounting_block', '', 2, 0, '2016-10-01 03:17:49', '2016-10-01 03:20:36'),
(154, '', 0, '', 'city', 'clients_filter', '', 1, 0, '2016-10-02 20:45:19', '2016-10-02 20:45:19'),
(155, '', 0, '', 'city', 'clients_filter', '', 2, 0, '2016-10-02 20:45:20', '2016-10-02 20:45:20'),
(156, '', 0, '', 'city', 'clients_filter', '', 3, 0, '2016-10-02 20:45:21', '2016-10-02 20:45:21'),
(157, '', 0, '', 'city', 'clients_filter', '', 4, 0, '2016-10-02 20:45:22', '2016-10-02 20:45:22'),
(158, 'vesi-shtih-print-m', 57, '', 'product', 'catalog_block', '', 1, 0, '2016-10-02 21:36:43', '2016-10-02 21:40:29'),
(159, '', 158, '', 'product_auto', 'catalog_block', '', 1, 0, '2016-10-02 21:40:52', '2016-10-02 21:40:52'),
(160, '', 158, '', 'soft_related', 'catalog_block', '', 1, 0, '2016-10-02 21:40:54', '2016-10-02 21:40:54'),
(161, '', 158, '', 'product_features', 'catalog_block', '', 1, 0, '2016-10-02 21:40:57', '2016-10-02 21:40:57'),
(162, '', 158, '', 'product_features', 'catalog_block', '', 2, 0, '2016-10-02 21:41:26', '2016-10-02 21:41:26'),
(163, '', 158, '', 'product_features', 'catalog_block', '', 3, 0, '2016-10-02 21:41:27', '2016-10-02 21:41:27'),
(164, '', 158, '', 'product_features', 'catalog_block', '', 4, 0, '2016-10-02 21:41:28', '2016-10-02 21:41:28'),
(165, '', 158, '', 'product_features', 'catalog_block', '', 5, 0, '2016-10-02 21:41:29', '2016-10-02 21:41:29'),
(166, '', 158, '', 'product_features', 'catalog_block', '', 6, 0, '2016-10-02 21:41:30', '2016-10-02 21:41:30'),
(167, '', 70, '', 'product', 'catalog_block', '', 1, 0, '2016-10-02 21:46:08', '2016-10-02 21:46:08'),
(168, 'ldsp-vhesh-ugol', 60, '', 'product', 'catalog_block', '', 1, 0, '2016-10-02 21:51:56', '2016-10-02 21:53:38'),
(169, '', 168, '', 'product_features', 'catalog_block', '', 1, 0, '2016-10-02 21:54:22', '2016-10-02 21:54:22'),
(170, '', 168, '', 'product_features', 'catalog_block', '', 2, 0, '2016-10-02 21:54:22', '2016-10-02 21:54:22'),
(171, '', 168, '', 'product_features', 'catalog_block', '', 3, 0, '2016-10-02 21:54:24', '2016-10-02 21:54:24'),
(172, '', 168, '', 'product_features', 'catalog_block', '', 4, 0, '2016-10-02 21:55:14', '2016-10-02 21:55:14'),
(173, 'hd-ds-2cc12d9t', 58, '', 'product', 'catalog_block', '', 1, 0, '2016-10-02 21:57:50', '2016-10-02 22:02:52'),
(174, '', 173, '', 'product_features', 'catalog_block', '', 1, 0, '2016-10-02 22:00:03', '2016-10-02 22:00:03'),
(175, '', 173, '', 'product_features', 'catalog_block', '', 2, 0, '2016-10-02 22:00:04', '2016-10-02 22:00:04'),
(176, '', 173, '', 'product_features', 'catalog_block', '', 3, 0, '2016-10-02 22:00:05', '2016-10-02 22:00:05'),
(177, '', 173, '', 'product_features', 'catalog_block', '', 4, 0, '2016-10-02 22:00:05', '2016-10-02 22:00:05'),
(178, '', 173, '', 'product_features', 'catalog_block', '', 5, 0, '2016-10-02 22:00:06', '2016-10-02 22:00:06'),
(179, '', 173, '', 'product_features', 'catalog_block', '', 6, 0, '2016-10-02 22:00:07', '2016-10-02 22:00:07'),
(180, '', 0, '', 'question', 'fidback', '', 1, 0, '2016-10-04 21:23:34', '2016-10-04 21:23:34'),
(181, '', 0, '', 'question', 'fidback', '', 2, 0, '2016-10-04 21:24:45', '2016-10-04 21:24:45'),
(182, '', 0, '', 'question', 'fidback', '', 3, 0, '2016-10-04 21:25:07', '2016-10-04 21:25:07'),
(183, '', 0, '', 'question', 'fidback', '', 4, 0, '2016-10-04 21:25:37', '2016-10-04 21:25:37'),
(184, '', 0, '', 'question', 'fidback', '', 5, 0, '2016-10-04 21:25:40', '2016-10-04 21:25:40'),
(185, '', 0, '', 'question', 'fidback', '', 6, 0, '2016-10-04 21:26:17', '2016-10-04 21:26:17'),
(186, '', 0, '', 'question', 'fidback', '', 7, 0, '2016-10-04 21:37:37', '2016-10-04 21:37:37');

-- --------------------------------------------------------

--
-- Структура таблицы `images`
--

CREATE TABLE IF NOT EXISTS `images` (
  `id` int(10) unsigned NOT NULL AUTO_INCREMENT,
  `value` varchar(255) COLLATE utf8_unicode_ci NOT NULL,
  `name` varchar(255) COLLATE utf8_unicode_ci NOT NULL,
  `block_name` varchar(255) COLLATE utf8_unicode_ci NOT NULL,
  `group_name` varchar(255) COLLATE utf8_unicode_ci NOT NULL,
  `group_id` int(11) NOT NULL,
  `prefix` varchar(255) COLLATE utf8_unicode_ci NOT NULL,
  `alt` varchar(255) COLLATE utf8_unicode_ci NOT NULL,
  `original_link` varchar(255) COLLATE utf8_unicode_ci NOT NULL,
  `primary_link` varchar(255) COLLATE utf8_unicode_ci NOT NULL,
  `secondary_link` varchar(255) COLLATE utf8_unicode_ci NOT NULL,
  `icon_link` varchar(255) COLLATE utf8_unicode_ci NOT NULL,
  `preview_link` varchar(255) COLLATE utf8_unicode_ci NOT NULL,
  `cache_index` int(11) NOT NULL,
  PRIMARY KEY (`id`)
) ENGINE=InnoDB  DEFAULT CHARSET=utf8 COLLATE=utf8_unicode_ci AUTO_INCREMENT=137 ;

--
-- Дамп данных таблицы `images`
--

INSERT INTO `images` (`id`, `value`, `name`, `block_name`, `group_name`, `group_id`, `prefix`, `alt`, `original_link`, `primary_link`, `secondary_link`, `icon_link`, `preview_link`, `cache_index`) VALUES
(28, '', 'logo', 'static_site', '', 0, 'static_site_logo_0', '2134123423', 'static_site_logo_0.PNG', 'static_site_logo_0_primary.PNG', 'static_site_logo_0_secondary.PNG', 'static_site_logo_0_icon.PNG', 'static_site_logo_0_preview.PNG', 9),
(29, '', 'background', 'accounting_block', '', 0, 'accounting_block_background_0', '', 'placeholders/placeholder_700_700_808080.jpg', 'placeholders/placeholder_700_700_808080.jpg', 'placeholders/placeholder_500_500_808080.jpg', 'placeholders/placeholder_100_100_808080.jpg', 'placeholders/placeholder_100_100_808080.jpg', 21),
(30, '', 'work_process', 'accounting_block', '', 0, 'accounting_block_work_process_0', '', 'placeholders/placeholder_700_700_808080.jpg', 'placeholders/placeholder_700_700_808080.jpg', 'placeholders/placeholder_500_500_808080.jpg', 'placeholders/placeholder_100_100_808080.jpg', 'placeholders/placeholder_100_100_808080.jpg', 21),
(31, '', 'background', 'auto_block', 'auto', 62, 'auto_background_62', '', 'auto_background_62.jpg', 'auto_background_62_primary.jpg', 'auto_background_62_secondary.jpg', 'auto_background_62_icon.jpg', 'auto_background_62_preview.jpg', 33),
(32, '', 'background', 'auto_block', 'auto', 65, '', '', 'placeholders/placeholder_1200_1200_808080.jpg', 'placeholders/placeholder_1200_1200_808080.jpg', 'placeholders/placeholder_500_500_808080.jpg', 'placeholders/placeholder_100_100_808080.jpg', 'placeholders/placeholder_100_100_808080.jpg', 2),
(33, '', 'product_base_photo', 'catalog_block', 'product', 66, 'product_product_base_photo_66', '', 'product_product_base_photo_66.PNG', 'product_product_base_photo_66_primary.PNG', 'product_product_base_photo_66_secondary.PNG', 'product_product_base_photo_66_icon.PNG', 'product_product_base_photo_66_preview.PNG', 9),
(35, '', 'card_background', 'catalog_block', 'category_2', 55, 'category_2_card_background_55', '', 'category_2_card_background_55.jpg', 'category_2_card_background_55_primary.jpg', 'category_2_card_background_55_secondary.jpg', 'category_2_card_background_55_icon.jpg', 'category_2_card_background_55_preview.jpg', 6),
(36, '', 'card_background', 'catalog_block', 'category_2', 56, 'category_2_card_background_56', '', 'category_2_card_background_56.gif', 'category_2_card_background_56_primary.gif', 'category_2_card_background_56_secondary.gif', 'category_2_card_background_56_icon.gif', 'category_2_card_background_56_preview.gif', 11),
(37, '', 'card_background', 'catalog_block', 'category_2', 57, 'category_2_card_background_57', '', 'placeholders/placeholder_120_120_808080.jpg', 'placeholders/placeholder_120_120_808080.jpg', 'placeholders/placeholder_220_220_808080.jpg', 'placeholders/placeholder_100_100_808080.jpg', 'placeholders/placeholder_100_100_808080.jpg', 2),
(38, '', 'card_background', 'catalog_block', 'category_2', 58, 'category_2_card_background_58', '', 'category_2_card_background_58.JPG', 'category_2_card_background_58_primary.JPG', 'category_2_card_background_58_secondary.JPG', 'category_2_card_background_58_icon.JPG', 'category_2_card_background_58_preview.JPG', 3),
(39, '', 'card_background', 'catalog_block', 'category_2', 59, 'category_2_card_background_59', '', 'category_2_card_background_59.JPG', 'category_2_card_background_59_primary.JPG', 'category_2_card_background_59_secondary.JPG', 'category_2_card_background_59_icon.JPG', 'category_2_card_background_59_preview.JPG', 2),
(40, '', 'card_background', 'catalog_block', 'category_2', 60, 'category_2_card_background_60', '', 'category_2_card_background_60.JPG', 'category_2_card_background_60_primary.JPG', 'category_2_card_background_60_secondary.JPG', 'category_2_card_background_60_icon.JPG', 'category_2_card_background_60_preview.JPG', 7),
(41, '', 'card_background', 'catalog_block', 'category_2', 61, 'category_2_card_background_61', '', 'category_2_card_background_61.JPG', 'category_2_card_background_61_primary.JPG', 'category_2_card_background_61_secondary.JPG', 'category_2_card_background_61_icon.JPG', 'category_2_card_background_61_preview.JPG', 4),
(42, '', 'card_background', 'catalog_block', 'category_2', 70, 'category_2_card_background_70', '', 'category_2_card_background_70.png', 'category_2_card_background_70_primary.png', 'category_2_card_background_70_secondary.png', 'category_2_card_background_70_icon.png', 'category_2_card_background_70_preview.png', 3),
(43, '', 'card_background', 'catalog_block', 'category_2', 71, 'category_2_card_background_71', '', 'category_2_card_background_71.png', 'category_2_card_background_71_primary.png', 'category_2_card_background_71_secondary.png', 'category_2_card_background_71_icon.png', 'category_2_card_background_71_preview.png', 5),
(44, '', 'card_background', 'catalog_block', 'category_2', 72, 'category_2_card_background_72', '', 'category_2_card_background_72.png', 'category_2_card_background_72_primary.png', 'category_2_card_background_72_secondary.png', 'category_2_card_background_72_icon.png', 'category_2_card_background_72_preview.png', 5),
(45, '', 'card_background', 'catalog_block', 'category_2', 73, 'category_2_card_background_73', '', 'placeholders/placeholder_120_120_808080.jpg', 'placeholders/placeholder_120_120_808080.jpg', 'placeholders/placeholder_220_220_808080.jpg', 'placeholders/placeholder_100_100_808080.jpg', 'placeholders/placeholder_100_100_808080.jpg', 2),
(46, '', 'card_background', 'catalog_block', 'category_2', 74, 'category_2_card_background_74', '', 'placeholders/placeholder_120_120_808080.jpg', 'placeholders/placeholder_120_120_808080.jpg', 'placeholders/placeholder_220_220_808080.jpg', 'placeholders/placeholder_100_100_808080.jpg', 'placeholders/placeholder_100_100_808080.jpg', 2),
(47, '', 'card_background', 'catalog_block', 'category_2', 75, 'category_2_card_background_75', '', 'placeholders/placeholder_120_120_808080.jpg', 'placeholders/placeholder_120_120_808080.jpg', 'placeholders/placeholder_220_220_808080.jpg', 'placeholders/placeholder_100_100_808080.jpg', 'placeholders/placeholder_100_100_808080.jpg', 2),
(48, '', 'card_background', 'catalog_block', 'category_2', 76, 'category_2_card_background_76', '', 'placeholders/placeholder_120_120_808080.jpg', 'placeholders/placeholder_120_120_808080.jpg', 'placeholders/placeholder_220_220_808080.jpg', 'placeholders/placeholder_100_100_808080.jpg', 'placeholders/placeholder_100_100_808080.jpg', 2),
(49, '', 'card_background', 'catalog_block', 'category_2', 77, 'category_2_card_background_77', '', 'category_2_card_background_77.png', 'category_2_card_background_77_primary.png', 'category_2_card_background_77_secondary.png', 'category_2_card_background_77_icon.png', 'category_2_card_background_77_preview.png', 4),
(50, '', 'card_background', 'catalog_block', 'category_2', 78, 'category_2_card_background_78', '', 'category_2_card_background_78.png', 'category_2_card_background_78_primary.png', 'category_2_card_background_78_secondary.png', 'category_2_card_background_78_icon.png', 'category_2_card_background_78_preview.png', 5),
(51, '', 'card_background', 'catalog_block', 'category_2', 79, 'category_2_card_background_79', '', 'placeholders/placeholder_120_120_808080.jpg', 'placeholders/placeholder_120_120_808080.jpg', 'placeholders/placeholder_220_220_808080.jpg', 'placeholders/placeholder_100_100_808080.jpg', 'placeholders/placeholder_100_100_808080.jpg', 2),
(52, '', 'card_background', 'catalog_block', 'category_2', 80, 'category_2_card_background_80', '', 'placeholders/placeholder_120_120_808080.jpg', 'placeholders/placeholder_120_120_808080.jpg', 'placeholders/placeholder_220_220_808080.jpg', 'placeholders/placeholder_100_100_808080.jpg', 'placeholders/placeholder_100_100_808080.jpg', 2),
(53, '', 'card_background', 'catalog_block', 'category_2', 81, 'category_2_card_background_81', '', 'placeholders/placeholder_120_120_808080.jpg', 'placeholders/placeholder_120_120_808080.jpg', 'placeholders/placeholder_220_220_808080.jpg', 'placeholders/placeholder_100_100_808080.jpg', 'placeholders/placeholder_100_100_808080.jpg', 2),
(54, '', 'card_background', 'catalog_block', 'category_1', 51, 'category_1_card_background_51', '', 'category_1_card_background_51.png', 'category_1_card_background_51_primary.png', 'category_1_card_background_51_secondary.png', 'category_1_card_background_51_icon.png', 'category_1_card_background_51_preview.png', 6),
(55, '', 'card_background', 'catalog_block', 'category_1', 52, 'category_1_card_background_52', '', 'category_1_card_background_52.png', 'category_1_card_background_52_primary.png', 'category_1_card_background_52_secondary.png', 'category_1_card_background_52_icon.png', 'category_1_card_background_52_preview.png', 3),
(56, '', 'card_background', 'catalog_block', 'category_1', 53, 'category_1_card_background_53', '', 'category_1_card_background_53.png', 'category_1_card_background_53_primary.png', 'category_1_card_background_53_secondary.png', 'category_1_card_background_53_icon.png', 'category_1_card_background_53_preview.png', 3),
(57, '', 'card_background', 'catalog_block', 'category_1', 54, 'category_1_card_background_54', '', 'category_1_card_background_54.png', 'category_1_card_background_54_primary.png', 'category_1_card_background_54_secondary.png', 'category_1_card_background_54_icon.png', 'category_1_card_background_54_preview.png', 2),
(58, '', 'auto_background', 'auto_block', '', 0, 'auto_block_auto_background_0', '', 'auto_block_auto_background_0.PNG', 'auto_block_auto_background_0_primary.PNG', 'auto_block_auto_background_0_secondary.PNG', 'auto_block_auto_background_0_icon.PNG', 'auto_block_auto_background_0_preview.PNG', 7),
(59, '', 'iiko_background', 'auto_block', '', 0, 'auto_block_iiko_background_0', '', 'auto_block_iiko_background_0.png', 'auto_block_iiko_background_0_primary.png', 'auto_block_iiko_background_0_secondary.png', 'auto_block_iiko_background_0_icon.png', 'auto_block_iiko_background_0_preview.png', 7),
(60, '', 'card_background', 'accounting_block', '', 0, 'accounting_block_card_background_0', '', 'accounting_block_card_background_0.png', 'accounting_block_card_background_0_primary.png', 'accounting_block_card_background_0_secondary.png', 'accounting_block_card_background_0_icon.png', 'accounting_block_card_background_0_preview.png', 21),
(61, '', 'adv_img', 'static_site', 'adventages', 83, 'adventages_adv_img_83', '', 'adventages_adv_img_83.png', 'adventages_adv_img_83_primary.png', 'adventages_adv_img_83_secondary.png', 'adventages_adv_img_83_icon.png', 'adventages_adv_img_83_preview.png', 5),
(62, '', 'adv_img', 'static_site', 'adventages', 84, 'adventages_adv_img_84', '', 'adventages_adv_img_84.png', 'adventages_adv_img_84_primary.png', 'adventages_adv_img_84_secondary.png', 'adventages_adv_img_84_icon.png', 'adventages_adv_img_84_preview.png', 5),
(63, '', 'adv_img', 'static_site', 'adventages', 85, 'adventages_adv_img_85', '', 'adventages_adv_img_85.png', 'adventages_adv_img_85_primary.png', 'adventages_adv_img_85_secondary.png', 'adventages_adv_img_85_icon.png', 'adventages_adv_img_85_preview.png', 5),
(64, '', 'background', 'auto_block', 'auto', 86, '', '', 'placeholders/placeholder_1200_1200_808080.jpg', 'placeholders/placeholder_1200_1200_808080.jpg', 'placeholders/placeholder_500_500_808080.jpg', 'placeholders/placeholder_100_100_808080.jpg', 'placeholders/placeholder_100_100_808080.jpg', 6),
(65, '', 'card_background', 'auto_block', 'auto', 86, '', '', 'placeholders/placeholder_200_200_808080.jpg', 'placeholders/placeholder_200_200_808080.jpg', 'placeholders/placeholder_200_200_808080.jpg', 'placeholders/placeholder_200_200_808080.jpg', 'placeholders/placeholder_200_200_808080.jpg', 6),
(66, '', 'background', 'auto_block', 'auto', 87, '', '', 'placeholders/placeholder_1200_1200_808080.jpg', 'placeholders/placeholder_1200_1200_808080.jpg', 'placeholders/placeholder_500_500_808080.jpg', 'placeholders/placeholder_100_100_808080.jpg', 'placeholders/placeholder_100_100_808080.jpg', 9),
(67, '', 'card_background', 'auto_block', 'auto', 87, '', '', 'placeholders/placeholder_200_200_808080.jpg', 'placeholders/placeholder_200_200_808080.jpg', 'placeholders/placeholder_200_200_808080.jpg', 'placeholders/placeholder_200_200_808080.jpg', 'placeholders/placeholder_200_200_808080.jpg', 9),
(68, '', 'card_background', 'auto_block', 'auto', 62, '', '', 'placeholders/placeholder_200_200_808080.jpg', 'placeholders/placeholder_200_200_808080.jpg', 'placeholders/placeholder_200_200_808080.jpg', 'placeholders/placeholder_200_200_808080.jpg', 'placeholders/placeholder_200_200_808080.jpg', 33),
(69, '', 'card_background', 'auto_block', 'auto', 65, '', '', 'placeholders/placeholder_200_200_808080.jpg', 'placeholders/placeholder_200_200_808080.jpg', 'placeholders/placeholder_200_200_808080.jpg', 'placeholders/placeholder_200_200_808080.jpg', 'placeholders/placeholder_200_200_808080.jpg', 2),
(70, '', 'card_background', 'catalog_block', 'category_2', 88, 'category_2_card_background_88', '', 'category_2_card_background_88.JPG', 'category_2_card_background_88_primary.JPG', 'category_2_card_background_88_secondary.JPG', 'category_2_card_background_88_icon.JPG', 'category_2_card_background_88_preview.JPG', 2),
(71, '', 'card_background', 'catalog_block', 'category_2', 89, 'category_2_card_background_89', '', 'category_2_card_background_89.JPG', 'category_2_card_background_89_primary.JPG', 'category_2_card_background_89_secondary.JPG', 'category_2_card_background_89_icon.JPG', 'category_2_card_background_89_preview.JPG', 3),
(72, '', 'background', 'auto_block', 'auto', 90, '', '', 'placeholders/placeholder_1200_1200_808080.jpg', 'placeholders/placeholder_1200_1200_808080.jpg', 'placeholders/placeholder_500_500_808080.jpg', 'placeholders/placeholder_100_100_808080.jpg', 'placeholders/placeholder_100_100_808080.jpg', 2),
(73, '', 'card_background', 'auto_block', 'auto', 90, '', '', 'placeholders/placeholder_200_200_808080.jpg', 'placeholders/placeholder_200_200_808080.jpg', 'placeholders/placeholder_200_200_808080.jpg', 'placeholders/placeholder_200_200_808080.jpg', 'placeholders/placeholder_200_200_808080.jpg', 2),
(74, '', 'background', 'auto_block', 'auto', 91, '', '', 'placeholders/placeholder_1200_1200_808080.jpg', 'placeholders/placeholder_1200_1200_808080.jpg', 'placeholders/placeholder_500_500_808080.jpg', 'placeholders/placeholder_100_100_808080.jpg', 'placeholders/placeholder_100_100_808080.jpg', 3),
(75, '', 'card_background', 'auto_block', 'auto', 91, '', '', 'placeholders/placeholder_200_200_808080.jpg', 'placeholders/placeholder_200_200_808080.jpg', 'placeholders/placeholder_200_200_808080.jpg', 'placeholders/placeholder_200_200_808080.jpg', 'placeholders/placeholder_200_200_808080.jpg', 3),
(76, '', 'background', 'auto_block', 'auto', 92, '', '', 'placeholders/placeholder_1200_1200_808080.jpg', 'placeholders/placeholder_1200_1200_808080.jpg', 'placeholders/placeholder_500_500_808080.jpg', 'placeholders/placeholder_100_100_808080.jpg', 'placeholders/placeholder_100_100_808080.jpg', 4),
(77, '', 'card_background', 'auto_block', 'auto', 92, '', '', 'placeholders/placeholder_200_200_808080.jpg', 'placeholders/placeholder_200_200_808080.jpg', 'placeholders/placeholder_200_200_808080.jpg', 'placeholders/placeholder_200_200_808080.jpg', 'placeholders/placeholder_200_200_808080.jpg', 4),
(78, '', 'background', 'auto_block', 'auto', 93, '', '', 'placeholders/placeholder_1200_1200_808080.jpg', 'placeholders/placeholder_1200_1200_808080.jpg', 'placeholders/placeholder_500_500_808080.jpg', 'placeholders/placeholder_100_100_808080.jpg', 'placeholders/placeholder_100_100_808080.jpg', 3),
(79, '', 'card_background', 'auto_block', 'auto', 93, '', '', 'placeholders/placeholder_200_200_808080.jpg', 'placeholders/placeholder_200_200_808080.jpg', 'placeholders/placeholder_200_200_808080.jpg', 'placeholders/placeholder_200_200_808080.jpg', 'placeholders/placeholder_200_200_808080.jpg', 3),
(80, '', 'background', 'auto_block', 'auto', 94, '', '', 'placeholders/placeholder_1200_1200_808080.jpg', 'placeholders/placeholder_1200_1200_808080.jpg', 'placeholders/placeholder_500_500_808080.jpg', 'placeholders/placeholder_100_100_808080.jpg', 'placeholders/placeholder_100_100_808080.jpg', 3),
(81, '', 'card_background', 'auto_block', 'auto', 94, '', '', 'placeholders/placeholder_200_200_808080.jpg', 'placeholders/placeholder_200_200_808080.jpg', 'placeholders/placeholder_200_200_808080.jpg', 'placeholders/placeholder_200_200_808080.jpg', 'placeholders/placeholder_200_200_808080.jpg', 3),
(82, '', 'background', 'auto_block', 'auto', 95, '', '', 'placeholders/placeholder_1200_1200_808080.jpg', 'placeholders/placeholder_1200_1200_808080.jpg', 'placeholders/placeholder_500_500_808080.jpg', 'placeholders/placeholder_100_100_808080.jpg', 'placeholders/placeholder_100_100_808080.jpg', 3),
(83, '', 'card_background', 'auto_block', 'auto', 95, '', '', 'placeholders/placeholder_200_200_808080.jpg', 'placeholders/placeholder_200_200_808080.jpg', 'placeholders/placeholder_200_200_808080.jpg', 'placeholders/placeholder_200_200_808080.jpg', 'placeholders/placeholder_200_200_808080.jpg', 3),
(84, '', 'background', 'auto_block', 'auto', 96, '', '', 'placeholders/placeholder_1200_1200_808080.jpg', 'placeholders/placeholder_1200_1200_808080.jpg', 'placeholders/placeholder_500_500_808080.jpg', 'placeholders/placeholder_100_100_808080.jpg', 'placeholders/placeholder_100_100_808080.jpg', 3),
(85, '', 'card_background', 'auto_block', 'auto', 96, '', '', 'placeholders/placeholder_200_200_808080.jpg', 'placeholders/placeholder_200_200_808080.jpg', 'placeholders/placeholder_200_200_808080.jpg', 'placeholders/placeholder_200_200_808080.jpg', 'placeholders/placeholder_200_200_808080.jpg', 3),
(86, '', 'card_hover', 'catalog_block', 'category_2', 55, 'category_2_card_hover_55', '', 'category_2_card_hover_55.jpg', 'category_2_card_hover_55_primary.jpg', 'category_2_card_hover_55_secondary.jpg', 'category_2_card_hover_55_icon.jpg', 'category_2_card_hover_55_preview.jpg', 2),
(87, '', 'card_hover', 'catalog_block', 'category_2', 56, 'category_2_card_hover_56', '', 'category_2_card_hover_56.gif', 'category_2_card_hover_56_primary.gif', 'category_2_card_hover_56_secondary.gif', 'category_2_card_hover_56_icon.gif', 'category_2_card_hover_56_preview.gif', 9),
(88, '', 'card_hover', 'catalog_block', 'category_2', 57, '', '', 'placeholders/placeholder_120_120_808080.jpg', 'placeholders/placeholder_120_120_808080.jpg', 'placeholders/placeholder_220_220_808080.jpg', 'placeholders/placeholder_100_100_808080.jpg', 'placeholders/placeholder_100_100_808080.jpg', 1),
(89, '', 'card_hover', 'catalog_block', 'category_2', 58, '', '', 'placeholders/placeholder_120_120_808080.jpg', 'placeholders/placeholder_120_120_808080.jpg', 'placeholders/placeholder_220_220_808080.jpg', 'placeholders/placeholder_100_100_808080.jpg', 'placeholders/placeholder_100_100_808080.jpg', 2),
(90, '', 'card_hover', 'catalog_block', 'category_2', 59, '', '', 'placeholders/placeholder_120_120_808080.jpg', 'placeholders/placeholder_120_120_808080.jpg', 'placeholders/placeholder_220_220_808080.jpg', 'placeholders/placeholder_100_100_808080.jpg', 'placeholders/placeholder_100_100_808080.jpg', 1),
(91, '', 'card_hover', 'catalog_block', 'category_2', 60, '', '', 'placeholders/placeholder_120_120_808080.jpg', 'placeholders/placeholder_120_120_808080.jpg', 'placeholders/placeholder_220_220_808080.jpg', 'placeholders/placeholder_100_100_808080.jpg', 'placeholders/placeholder_100_100_808080.jpg', 5),
(92, '', 'card_hover', 'catalog_block', 'category_2', 61, '', '', 'placeholders/placeholder_120_120_808080.jpg', 'placeholders/placeholder_120_120_808080.jpg', 'placeholders/placeholder_220_220_808080.jpg', 'placeholders/placeholder_100_100_808080.jpg', 'placeholders/placeholder_100_100_808080.jpg', 2),
(93, '', 'card_hover', 'catalog_block', 'category_2', 70, 'category_2_card_hover_70', '', 'category_2_card_hover_70.png', 'category_2_card_hover_70_primary.png', 'category_2_card_hover_70_secondary.png', 'category_2_card_hover_70_icon.png', 'category_2_card_hover_70_preview.png', 2),
(94, '', 'card_hover', 'catalog_block', 'category_2', 71, 'category_2_card_hover_71', '', 'category_2_card_hover_71.png', 'category_2_card_hover_71_primary.png', 'category_2_card_hover_71_secondary.png', 'category_2_card_hover_71_icon.png', 'category_2_card_hover_71_preview.png', 4),
(95, '', 'card_hover', 'catalog_block', 'category_2', 72, 'category_2_card_hover_72', '', 'category_2_card_hover_72.png', 'category_2_card_hover_72_primary.png', 'category_2_card_hover_72_secondary.png', 'category_2_card_hover_72_icon.png', 'category_2_card_hover_72_preview.png', 4),
(96, '', 'card_hover', 'catalog_block', 'category_2', 73, '', '', 'placeholders/placeholder_120_120_808080.jpg', 'placeholders/placeholder_120_120_808080.jpg', 'placeholders/placeholder_220_220_808080.jpg', 'placeholders/placeholder_100_100_808080.jpg', 'placeholders/placeholder_100_100_808080.jpg', 1),
(97, '', 'card_hover', 'catalog_block', 'category_2', 74, '', '', 'placeholders/placeholder_120_120_808080.jpg', 'placeholders/placeholder_120_120_808080.jpg', 'placeholders/placeholder_220_220_808080.jpg', 'placeholders/placeholder_100_100_808080.jpg', 'placeholders/placeholder_100_100_808080.jpg', 1),
(98, '', 'card_hover', 'catalog_block', 'category_2', 75, '', '', 'placeholders/placeholder_120_120_808080.jpg', 'placeholders/placeholder_120_120_808080.jpg', 'placeholders/placeholder_220_220_808080.jpg', 'placeholders/placeholder_100_100_808080.jpg', 'placeholders/placeholder_100_100_808080.jpg', 1),
(99, '', 'card_hover', 'catalog_block', 'category_2', 76, '', '', 'placeholders/placeholder_120_120_808080.jpg', 'placeholders/placeholder_120_120_808080.jpg', 'placeholders/placeholder_220_220_808080.jpg', 'placeholders/placeholder_100_100_808080.jpg', 'placeholders/placeholder_100_100_808080.jpg', 1),
(100, '', 'card_hover', 'catalog_block', 'category_2', 77, 'category_2_card_hover_77', '', 'category_2_card_hover_77.png', 'category_2_card_hover_77_primary.png', 'category_2_card_hover_77_secondary.png', 'category_2_card_hover_77_icon.png', 'category_2_card_hover_77_preview.png', 3),
(101, '', 'card_hover', 'catalog_block', 'category_2', 78, 'category_2_card_hover_78', '', 'category_2_card_hover_78.png', 'category_2_card_hover_78_primary.png', 'category_2_card_hover_78_secondary.png', 'category_2_card_hover_78_icon.png', 'category_2_card_hover_78_preview.png', 4),
(102, '', 'card_hover', 'catalog_block', 'category_2', 79, '', '', 'placeholders/placeholder_120_120_808080.jpg', 'placeholders/placeholder_120_120_808080.jpg', 'placeholders/placeholder_220_220_808080.jpg', 'placeholders/placeholder_100_100_808080.jpg', 'placeholders/placeholder_100_100_808080.jpg', 1),
(103, '', 'card_hover', 'catalog_block', 'category_2', 80, '', '', 'placeholders/placeholder_120_120_808080.jpg', 'placeholders/placeholder_120_120_808080.jpg', 'placeholders/placeholder_220_220_808080.jpg', 'placeholders/placeholder_100_100_808080.jpg', 'placeholders/placeholder_100_100_808080.jpg', 1),
(104, '', 'card_hover', 'catalog_block', 'category_2', 81, '', '', 'placeholders/placeholder_120_120_808080.jpg', 'placeholders/placeholder_120_120_808080.jpg', 'placeholders/placeholder_220_220_808080.jpg', 'placeholders/placeholder_100_100_808080.jpg', 'placeholders/placeholder_100_100_808080.jpg', 1),
(105, '', 'card_hover', 'catalog_block', 'category_2', 88, '', '', 'placeholders/placeholder_120_120_808080.jpg', 'placeholders/placeholder_120_120_808080.jpg', 'placeholders/placeholder_220_220_808080.jpg', 'placeholders/placeholder_100_100_808080.jpg', 'placeholders/placeholder_100_100_808080.jpg', 1),
(106, '', 'card_hover', 'catalog_block', 'category_2', 89, '', '', 'placeholders/placeholder_120_120_808080.jpg', 'placeholders/placeholder_120_120_808080.jpg', 'placeholders/placeholder_220_220_808080.jpg', 'placeholders/placeholder_100_100_808080.jpg', 'placeholders/placeholder_100_100_808080.jpg', 2),
(107, '', 'background', 'clients_block', 'client', 101, 'client_background_101', '', 'client_background_101.jpg', 'client_background_101_primary.jpg', 'client_background_101_secondary.jpg', 'client_background_101_icon.jpg', 'client_background_101_preview.jpg', 19),
(108, '', 'background', 'clients_block', 'client', 102, 'client_background_102', '', 'placeholders/placeholder_1200_1200_808080.jpg', 'placeholders/placeholder_1200_1200_808080.jpg', 'placeholders/placeholder_280_280_808080.jpg', 'placeholders/placeholder_140_140_808080.jpg', 'placeholders/placeholder_210_210_808080.jpg', 3),
(109, '', 'background', 'clients_block', 'client', 103, 'client_background_103', '', 'placeholders/placeholder_1200_1200_808080.jpg', 'placeholders/placeholder_1200_1200_808080.jpg', 'placeholders/placeholder_280_280_808080.jpg', 'placeholders/placeholder_140_140_808080.jpg', 'placeholders/placeholder_210_210_808080.jpg', 4),
(110, '', 'background', 'clients_block', 'client', 104, 'client_background_104', '', 'placeholders/placeholder_1200_1200_808080.jpg', 'placeholders/placeholder_1200_1200_808080.jpg', 'placeholders/placeholder_280_280_808080.jpg', 'placeholders/placeholder_140_140_808080.jpg', 'placeholders/placeholder_210_210_808080.jpg', 3),
(111, '', 'background', 'clients_block', 'client', 105, 'client_background_105', '', 'placeholders/placeholder_1200_1200_808080.jpg', 'placeholders/placeholder_1200_1200_808080.jpg', 'placeholders/placeholder_280_280_808080.jpg', 'placeholders/placeholder_140_140_808080.jpg', 'placeholders/placeholder_210_210_808080.jpg', 3),
(112, '', 'background', 'clients_block', 'client', 106, 'client_background_106', '', 'placeholders/placeholder_1200_1200_808080.jpg', 'placeholders/placeholder_1200_1200_808080.jpg', 'placeholders/placeholder_280_280_808080.jpg', 'placeholders/placeholder_140_140_808080.jpg', 'placeholders/placeholder_210_210_808080.jpg', 3),
(113, '', 'product_base_photo', 'catalog_block', 'product', 107, 'product_product_base_photo_107', '', 'product_product_base_photo_107.jpg', 'product_product_base_photo_107_primary.jpg', 'product_product_base_photo_107_secondary.jpg', 'product_product_base_photo_107_icon.jpg', 'product_product_base_photo_107_preview.jpg', 32),
(115, '', 'product', 'catalog_block', 'product_image', 122, 'product_image_product_122', '', 'product_image_product_122.jpg', 'product_image_product_122_primary.jpg', 'product_image_product_122_secondary.jpg', 'product_image_product_122_icon.jpg', 'product_image_product_122_preview.jpg', 16),
(121, '', 'text_pict', 'dom_all_images', 'images_set', 139, 'images_set_text_pict_139', '', 'images_set_text_pict_139.JPG', 'placeholders/placeholder_200_200_808080.jpg', 'placeholders/placeholder_200_200_808080.jpg', 'placeholders/placeholder_200_200_808080.jpg', 'placeholders/placeholder_200_200_808080.jpg', 1),
(123, '', 'card', 'auto_block', 'auto_adv', 141, 'auto_adv_card_141', '', 'auto_adv_card_141.png', 'auto_adv_card_141_primary.png', 'auto_adv_card_141_secondary.png', 'auto_adv_card_141_icon.png', 'auto_adv_card_141_preview.png', 21),
(124, '', 'card', 'auto_block', 'auto_adv', 142, 'auto_adv_card_142', '', 'auto_adv_card_142.png', 'auto_adv_card_142_primary.png', 'auto_adv_card_142_secondary.png', 'auto_adv_card_142_icon.png', 'auto_adv_card_142_preview.png', 19),
(125, '', 'card', 'accounting_block', 'acc_adv', 146, 'acc_adv_card_146', '', 'acc_adv_card_146.png', 'acc_adv_card_146_primary.png', 'acc_adv_card_146_secondary.png', 'acc_adv_card_146_icon.png', 'acc_adv_card_146_preview.png', 12),
(126, '', 'card', 'accounting_block', 'acc_adv', 147, 'acc_adv_card_147', '', 'acc_adv_card_147.png', 'acc_adv_card_147_primary.png', 'acc_adv_card_147_secondary.png', 'acc_adv_card_147_icon.png', 'acc_adv_card_147_preview.png', 13),
(127, '', 'photo', 'accounting_block', 'employs', 148, 'employs_photo_148', '', 'employs_photo_148.jpg', 'employs_photo_148_primary.jpg', 'employs_photo_148_secondary.jpg', 'employs_photo_148_icon.jpg', 'employs_photo_148_preview.jpg', 10),
(128, '', 'photo', 'accounting_block', 'employs', 149, 'employs_photo_149', '', 'employs_photo_149.jpg', 'employs_photo_149_primary.jpg', 'employs_photo_149_secondary.jpg', 'employs_photo_149_icon.jpg', 'employs_photo_149_preview.jpg', 10),
(129, '', 'background', 'accounting_block', 'tarif', 150, '', '', 'placeholders/placeholder_1100_1100_808080.jpg', 'placeholders/placeholder_1100_1100_808080.jpg', 'placeholders/placeholder_390_390_808080.jpg', 'placeholders/placeholder_300_300_808080.jpg', 'placeholders/placeholder_90_90_808080.jpg', 4),
(130, '', 'background', 'accounting_block', 'tarif', 151, '', '', 'placeholders/placeholder_1100_1100_808080.jpg', 'placeholders/placeholder_1100_1100_808080.jpg', 'placeholders/placeholder_390_390_808080.jpg', 'placeholders/placeholder_300_300_808080.jpg', 'placeholders/placeholder_90_90_808080.jpg', 3),
(131, '', 'background', 'accounting_block', 'tarif', 152, 'tarif_background_152', '', 'tarif_background_152.jpg', 'tarif_background_152_primary.jpg', 'tarif_background_152_secondary.jpg', 'tarif_background_152_icon.jpg', 'tarif_background_152_preview.jpg', 6),
(132, '', 'background', 'accounting_block', 'tarif', 153, '', '', 'placeholders/placeholder_1100_1100_808080.jpg', 'placeholders/placeholder_1100_1100_808080.jpg', 'placeholders/placeholder_390_390_808080.jpg', 'placeholders/placeholder_300_300_808080.jpg', 'placeholders/placeholder_90_90_808080.jpg', 2),
(133, '', 'product_base_photo', 'catalog_block', 'product', 158, 'product_product_base_photo_158', '', 'product_product_base_photo_158.jpg', 'product_product_base_photo_158_primary.jpg', 'product_product_base_photo_158_secondary.jpg', 'product_product_base_photo_158_icon.jpg', 'product_product_base_photo_158_preview.jpg', 7),
(134, '', 'product_base_photo', 'catalog_block', 'product', 167, '', '', 'placeholders/placeholder_1100_1100_808080.jpg', 'placeholders/placeholder_1100_1100_808080.jpg', 'placeholders/placeholder_390_390_808080.jpg', 'placeholders/placeholder_300_300_808080.jpg', 'placeholders/placeholder_90_90_808080.jpg', 0),
(135, '', 'product_base_photo', 'catalog_block', 'product', 168, 'product_product_base_photo_168', '', 'product_product_base_photo_168.jpg', 'product_product_base_photo_168_primary.jpg', 'product_product_base_photo_168_secondary.jpg', 'product_product_base_photo_168_icon.jpg', 'product_product_base_photo_168_preview.jpg', 6),
(136, '', 'product_base_photo', 'catalog_block', 'product', 173, 'product_product_base_photo_173', '', 'product_product_base_photo_173.JPG', 'product_product_base_photo_173_primary.JPG', 'product_product_base_photo_173_secondary.JPG', 'product_product_base_photo_173_icon.JPG', 'product_product_base_photo_173_preview.JPG', 2);

-- --------------------------------------------------------

--
-- Структура таблицы `migrations`
--

CREATE TABLE IF NOT EXISTS `migrations` (
  `migration` varchar(255) COLLATE utf8_unicode_ci NOT NULL,
  `batch` int(11) NOT NULL
) ENGINE=InnoDB DEFAULT CHARSET=utf8 COLLATE=utf8_unicode_ci;

--
-- Дамп данных таблицы `migrations`
--

INSERT INTO `migrations` (`migration`, `batch`) VALUES
('2014_10_12_000000_create_users_table', 1),
('2014_10_12_100000_create_password_resets_table', 1),
('2015_06_27_131534_create_blocks_table', 1),
('2015_06_27_131553_create_groups_table', 1),
('2015_06_27_131608_create_images_table', 1),
('2015_06_27_162911_create_stringfields_table', 1),
('2015_06_27_162920_create_textfields_table', 1),
('2015_07_01_133347_create_numbs_table', 1),
('2015_07_01_134525_create_bools_table', 1),
('2015_07_28_095851_create_pdatetimes_table', 1),
('2016_04_17_142100_create_crops_table', 1);

-- --------------------------------------------------------

--
-- Структура таблицы `numbs`
--

CREATE TABLE IF NOT EXISTS `numbs` (
  `id` int(10) unsigned NOT NULL AUTO_INCREMENT,
  `block_name` varchar(255) COLLATE utf8_unicode_ci NOT NULL,
  `group_id` int(11) NOT NULL,
  `group_name` varchar(255) COLLATE utf8_unicode_ci NOT NULL,
  `name` varchar(255) COLLATE utf8_unicode_ci NOT NULL,
  `value` int(11) NOT NULL,
  PRIMARY KEY (`id`)
) ENGINE=InnoDB  DEFAULT CHARSET=utf8 COLLATE=utf8_unicode_ci AUTO_INCREMENT=109 ;

--
-- Дамп данных таблицы `numbs`
--

INSERT INTO `numbs` (`id`, `block_name`, `group_id`, `group_name`, `name`, `value`) VALUES
(22, 'auto_block', 62, 'auto', 'auto_cost', 7800),
(23, 'auto_block', 62, 'auto', 'auto_sale', 8000),
(24, 'auto_block', 65, 'auto', 'auto_cost', 0),
(25, 'auto_block', 65, 'auto', 'auto_sale', 0),
(26, 'catalog_block', 66, 'product', 'product_sale', 5000),
(27, 'catalog_block', 66, 'product', 'product_cost', 4900),
(30, 'auto_block', 62, 'auto', 'iiko', 0),
(31, 'auto_block', 65, 'auto', 'iiko', 0),
(32, 'auto_block', 86, 'auto', 'auto_cost', 0),
(33, 'auto_block', 86, 'auto', 'auto_sale', 0),
(34, 'auto_block', 86, 'auto', 'iiko', 0),
(35, 'auto_block', 87, 'auto', 'auto_cost', 0),
(36, 'auto_block', 87, 'auto', 'auto_sale', 0),
(37, 'auto_block', 87, 'auto', 'iiko', 0),
(38, 'auto_block', 90, 'auto', 'auto_cost', 0),
(39, 'auto_block', 90, 'auto', 'auto_sale', 0),
(40, 'auto_block', 90, 'auto', 'iiko', 0),
(41, 'auto_block', 91, 'auto', 'auto_cost', 0),
(42, 'auto_block', 91, 'auto', 'auto_sale', 0),
(43, 'auto_block', 91, 'auto', 'iiko', 0),
(44, 'auto_block', 92, 'auto', 'auto_cost', 0),
(45, 'auto_block', 92, 'auto', 'auto_sale', 0),
(46, 'auto_block', 92, 'auto', 'iiko', 0),
(47, 'auto_block', 93, 'auto', 'auto_cost', 0),
(48, 'auto_block', 93, 'auto', 'auto_sale', 0),
(49, 'auto_block', 93, 'auto', 'iiko', 0),
(50, 'auto_block', 94, 'auto', 'auto_cost', 0),
(51, 'auto_block', 94, 'auto', 'auto_sale', 0),
(52, 'auto_block', 94, 'auto', 'iiko', 0),
(53, 'auto_block', 95, 'auto', 'auto_cost', 0),
(54, 'auto_block', 95, 'auto', 'auto_sale', 0),
(55, 'auto_block', 95, 'auto', 'iiko', 0),
(56, 'auto_block', 96, 'auto', 'auto_cost', 0),
(57, 'auto_block', 96, 'auto', 'auto_sale', 0),
(58, 'auto_block', 96, 'auto', 'iiko', 0),
(59, 'clients_block', 101, 'client', 'city_name', 154),
(60, 'clients_block', 101, 'client', 'institution_type', 99),
(61, 'clients_block', 102, 'client', 'city_name', 154),
(62, 'clients_block', 102, 'client', 'institution_type', 97),
(63, 'clients_block', 103, 'client', 'city_name', 154),
(64, 'clients_block', 103, 'client', 'institution_type', 97),
(65, 'clients_block', 104, 'client', 'city_name', 154),
(66, 'clients_block', 104, 'client', 'institution_type', 99),
(67, 'clients_block', 105, 'client', 'city_name', 154),
(68, 'clients_block', 105, 'client', 'institution_type', 99),
(69, 'clients_block', 106, 'client', 'city_name', 154),
(70, 'clients_block', 106, 'client', 'institution_type', 98),
(71, 'catalog_block', 107, 'product', 'product_sale', 0),
(72, 'catalog_block', 107, 'product', 'product_cost', 1000),
(73, 'catalog_block', 109, 'product_auto', 'auto', 62),
(74, 'catalog_block', 110, 'product_related', 'related', 123),
(75, 'catalog_block', 120, 'product_auto', 'auto', 65),
(76, 'catalog_block', 121, 'product_auto', 'auto', 93),
(81, 'catalog_block', 127, 'soft_related', 'soft', 66),
(84, 'catalog_block', 130, 'soft_related', 'soft', 67),
(93, 'auto_block', 143, 'auto_related', 'product', 66),
(94, 'auto_block', 144, 'auto_related', 'product', 107),
(95, 'accounting_block', 150, 'tarif', 'tarif_cost', 150000),
(96, 'accounting_block', 151, 'tarif', 'tarif_cost', 50000),
(97, 'accounting_block', 152, 'tarif', 'tarif_cost', 35000),
(98, 'accounting_block', 153, 'tarif', 'tarif_cost', 100000),
(99, 'catalog_block', 158, 'product', 'product_sale', 1500),
(100, 'catalog_block', 158, 'product', 'product_cost', 900),
(101, 'catalog_block', 159, 'product_auto', 'auto', 86),
(102, 'catalog_block', 160, 'soft_related', 'soft', 66),
(103, 'catalog_block', 167, 'product', 'product_sale', 0),
(104, 'catalog_block', 167, 'product', 'product_cost', 0),
(105, 'catalog_block', 168, 'product', 'product_sale', 0),
(106, 'catalog_block', 168, 'product', 'product_cost', 75),
(107, 'catalog_block', 173, 'product', 'product_sale', 0),
(108, 'catalog_block', 173, 'product', 'product_cost', 150);

-- --------------------------------------------------------

--
-- Структура таблицы `password_resets`
--

CREATE TABLE IF NOT EXISTS `password_resets` (
  `email` varchar(255) COLLATE utf8_unicode_ci NOT NULL,
  `token` varchar(255) COLLATE utf8_unicode_ci NOT NULL,
  `created_at` timestamp NOT NULL DEFAULT '0000-00-00 00:00:00',
  KEY `password_resets_email_index` (`email`),
  KEY `password_resets_token_index` (`token`)
) ENGINE=InnoDB DEFAULT CHARSET=utf8 COLLATE=utf8_unicode_ci;

-- --------------------------------------------------------

--
-- Структура таблицы `pdatetimes`
--

CREATE TABLE IF NOT EXISTS `pdatetimes` (
  `id` int(10) unsigned NOT NULL AUTO_INCREMENT,
  `block_name` varchar(255) COLLATE utf8_unicode_ci NOT NULL,
  `group_id` int(11) NOT NULL,
  `group_name` varchar(255) COLLATE utf8_unicode_ci NOT NULL,
  `name` varchar(255) COLLATE utf8_unicode_ci NOT NULL,
  `time` tinyint(1) NOT NULL,
  `value` datetime NOT NULL,
  PRIMARY KEY (`id`)
) ENGINE=InnoDB DEFAULT CHARSET=utf8 COLLATE=utf8_unicode_ci AUTO_INCREMENT=1 ;

-- --------------------------------------------------------

--
-- Структура таблицы `stringfields`
--

CREATE TABLE IF NOT EXISTS `stringfields` (
  `id` int(10) unsigned NOT NULL AUTO_INCREMENT,
  `block_name` varchar(255) COLLATE utf8_unicode_ci NOT NULL,
  `group_id` int(11) NOT NULL,
  `group_name` varchar(255) COLLATE utf8_unicode_ci NOT NULL,
  `name` varchar(255) COLLATE utf8_unicode_ci NOT NULL,
  `value` varchar(255) COLLATE utf8_unicode_ci NOT NULL,
  PRIMARY KEY (`id`)
) ENGINE=InnoDB  DEFAULT CHARSET=utf8 COLLATE=utf8_unicode_ci AUTO_INCREMENT=620 ;

--
-- Дамп данных таблицы `stringfields`
--

INSERT INTO `stringfields` (`id`, `block_name`, `group_id`, `group_name`, `name`, `value`) VALUES
(190, 'static_site', 0, '', 'logo_text', 'Автоматизация торговли в Казахстане'),
(191, 'static_site', 0, '', 'copyright', '© ID-Soft, 2016'),
(192, 'static_site', 0, '', 'page_title', 'Автоматизация торговли в Казахстане — idsoft.kz'),
(193, 'static_site', 0, '', 'seo_keywords', ''),
(194, 'static_site', 0, '', 'seo_description', ''),
(195, 'catalog_block', 0, '', 'seo_keywords', ''),
(196, 'catalog_block', 0, '', 'seo_description', ''),
(197, 'accounting_block', 0, '', 'page_name', ''),
(198, 'accounting_block', 0, '', 'page_title', ''),
(199, 'accounting_block', 0, '', 'seo_keywords', ''),
(200, 'accounting_block', 0, '', 'seo_description', ''),
(201, 'main_menu', 45, 'menu', 'menu_text', 'Каталог оборудования'),
(202, 'main_menu', 45, 'menu', 'small_text', 'текст 1'),
(203, 'main_menu', 46, 'menu', 'menu_text', 'Готовые решения'),
(204, 'main_menu', 46, 'menu', 'small_text', 'текст 2'),
(205, 'main_menu', 47, 'menu', 'menu_text', 'Программное обеспечение'),
(206, 'main_menu', 47, 'menu', 'small_text', 'текст 3'),
(207, 'main_menu', 48, 'menu', 'menu_text', 'Стеллажи и витрины'),
(208, 'main_menu', 48, 'menu', 'small_text', ''),
(209, 'main_menu', 49, 'menu', 'menu_text', 'Бухгалтерия'),
(210, 'main_menu', 49, 'menu', 'small_text', ''),
(211, 'main_menu', 50, 'menu', 'menu_text', 'Видеонаблюдение'),
(212, 'main_menu', 50, 'menu', 'small_text', ''),
(213, 'catalog_block', 51, 'category_1', 'seo_keywords', 'поле строковое - seo_keywords'),
(214, 'catalog_block', 51, 'category_1', 'seo_description', 'поле строковое - seo_description'),
(215, 'catalog_block', 51, 'category_1', 'page_title', 'Оборудования для автоматизации | IDsoft.kz'),
(216, 'catalog_block', 51, 'category_1', 'category_name', 'Оборудование для автоматизации'),
(217, 'catalog_block', 52, 'category_1', 'seo_keywords', 'поле строковое - seo_keywords'),
(218, 'catalog_block', 52, 'category_1', 'seo_description', 'поле строковое - seo_description'),
(219, 'catalog_block', 52, 'category_1', 'page_title', 'поле строковое - page_title'),
(220, 'catalog_block', 52, 'category_1', 'category_name', 'Стеллажи и витрины'),
(221, 'catalog_block', 53, 'category_1', 'seo_keywords', 'поле строковое - seo_keywords'),
(222, 'catalog_block', 53, 'category_1', 'seo_description', 'поле строковое - seo_description'),
(223, 'catalog_block', 53, 'category_1', 'page_title', 'поле строковое - page_title'),
(224, 'catalog_block', 53, 'category_1', 'category_name', 'Видеонаблюдение'),
(225, 'catalog_block', 54, 'category_1', 'seo_keywords', 'поле строковое - seo_keywords'),
(226, 'catalog_block', 54, 'category_1', 'seo_description', 'поле строковое - seo_description'),
(227, 'catalog_block', 54, 'category_1', 'page_title', 'поле строковое - page_title'),
(228, 'catalog_block', 54, 'category_1', 'category_name', 'Программное обеспечение'),
(229, 'catalog_block', 55, 'category_2', 'seo_keywords', 'поле строковое - seo_keywords'),
(230, 'catalog_block', 55, 'category_2', 'seo_description', 'поле строковое - seo_description'),
(231, 'catalog_block', 55, 'category_2', 'page_title', 'Программное обеспечение — IDsoft.kz'),
(232, 'catalog_block', 55, 'category_2', 'category_name', 'Программное обеспечение'),
(233, 'catalog_block', 56, 'category_2', 'seo_keywords', 'поле строковое - seo_keywords'),
(234, 'catalog_block', 56, 'category_2', 'seo_description', 'поле строковое - seo_description'),
(235, 'catalog_block', 56, 'category_2', 'page_title', 'POS-системы | IDSoft.kz'),
(236, 'catalog_block', 56, 'category_2', 'category_name', 'POS-системы'),
(237, 'catalog_block', 57, 'category_2', 'seo_keywords', 'поле строковое - seo_keywords'),
(238, 'catalog_block', 57, 'category_2', 'seo_description', 'поле строковое - seo_description'),
(239, 'catalog_block', 57, 'category_2', 'page_title', 'поле строковое - page_title'),
(240, 'catalog_block', 57, 'category_2', 'category_name', 'Принтеры этикеток'),
(241, 'catalog_block', 58, 'category_2', 'seo_keywords', 'поле строковое - seo_keywords'),
(242, 'catalog_block', 58, 'category_2', 'seo_description', 'поле строковое - seo_description'),
(243, 'catalog_block', 58, 'category_2', 'page_title', 'поле строковое - page_title'),
(244, 'catalog_block', 58, 'category_2', 'category_name', 'HD-камеры видеонаблюдения'),
(245, 'catalog_block', 59, 'category_2', 'seo_keywords', 'поле строковое - seo_keywords'),
(246, 'catalog_block', 59, 'category_2', 'seo_description', 'поле строковое - seo_description'),
(247, 'catalog_block', 59, 'category_2', 'page_title', 'поле строковое - page_title'),
(248, 'catalog_block', 59, 'category_2', 'category_name', 'IP-камеры видеонаблюдения'),
(249, 'catalog_block', 60, 'category_2', 'seo_keywords', 'поле строковое - seo_keywords'),
(250, 'catalog_block', 60, 'category_2', 'seo_description', 'поле строковое - seo_description'),
(251, 'catalog_block', 60, 'category_2', 'page_title', 'поле строковое - page_title'),
(252, 'catalog_block', 60, 'category_2', 'category_name', 'Серия «Манхеттен»'),
(253, 'catalog_block', 61, 'category_2', 'seo_keywords', 'поле строковое - seo_keywords'),
(254, 'catalog_block', 61, 'category_2', 'seo_description', 'поле строковое - seo_description'),
(255, 'catalog_block', 61, 'category_2', 'page_title', 'поле строковое - page_title'),
(256, 'catalog_block', 61, 'category_2', 'category_name', 'Серия «Оптима»'),
(257, 'auto_block', 62, 'auto', 'page_name', 'Рестораны и кафе'),
(258, 'auto_block', 62, 'auto', 'page_title', 'поле строковое - page_title'),
(259, 'auto_block', 62, 'auto', 'seo_description', 'поле строковое - seo_description'),
(260, 'auto_block', 62, 'auto', 'seo_keywords', 'поле строковое - seo_keywords'),
(261, 'accounting_block', 63, 'tarif_category', 'tarif_name', 'Для физичиских лиц'),
(262, 'accounting_block', 64, 'tarif_category', 'tarif_name', 'Для юр. лиц'),
(263, 'auto_block', 65, 'auto', 'page_name', 'Фастфуды и столовые'),
(264, 'auto_block', 65, 'auto', 'page_title', 'поле строковое - page_title'),
(265, 'auto_block', 65, 'auto', 'seo_description', 'поле строковое - seo_description'),
(266, 'auto_block', 65, 'auto', 'seo_keywords', 'поле строковое - seo_keywords'),
(267, 'catalog_block', 66, 'product', 'product_name', 'Облачное решение автоматизации PALOMA365'),
(268, 'catalog_block', 66, 'product', 'seo_keywords', 'поле строковое - seo_keywords'),
(269, 'catalog_block', 66, 'product', 'seo_description', 'поле строковое - seo_description'),
(270, 'catalog_block', 66, 'product', 'page_title', 'Облачное решение автоматизации PALOMA365 — IDsoft.kz'),
(275, 'static_site', 68, 'phones', 'phone', '220-20-20'),
(276, 'static_site', 69, 'phones', 'phone', '+7 (705) 220-20-20'),
(277, 'catalog_block', 70, 'category_2', 'seo_keywords', 'поле строковое - seo_keywords'),
(278, 'catalog_block', 70, 'category_2', 'seo_description', 'поле строковое - seo_description'),
(279, 'catalog_block', 70, 'category_2', 'page_title', 'поле строковое - page_title'),
(280, 'catalog_block', 70, 'category_2', 'category_name', 'Детекторы валют'),
(281, 'catalog_block', 71, 'category_2', 'seo_keywords', 'поле строковое - seo_keywords'),
(282, 'catalog_block', 71, 'category_2', 'seo_description', 'поле строковое - seo_description'),
(283, 'catalog_block', 71, 'category_2', 'page_title', 'поле строковое - page_title'),
(284, 'catalog_block', 71, 'category_2', 'category_name', 'Весы торговые'),
(285, 'catalog_block', 72, 'category_2', 'seo_keywords', 'поле строковое - seo_keywords'),
(286, 'catalog_block', 72, 'category_2', 'seo_description', 'поле строковое - seo_description'),
(287, 'catalog_block', 72, 'category_2', 'page_title', 'поле строковое - page_title'),
(288, 'catalog_block', 72, 'category_2', 'category_name', 'Принтеры чековые'),
(289, 'catalog_block', 73, 'category_2', 'seo_keywords', 'поле строковое - seo_keywords'),
(290, 'catalog_block', 73, 'category_2', 'seo_description', 'поле строковое - seo_description'),
(291, 'catalog_block', 73, 'category_2', 'page_title', 'поле строковое - page_title'),
(292, 'catalog_block', 73, 'category_2', 'category_name', 'Счетчики банкнот'),
(293, 'catalog_block', 74, 'category_2', 'seo_keywords', 'поле строковое - seo_keywords'),
(294, 'catalog_block', 74, 'category_2', 'seo_description', 'поле строковое - seo_description'),
(295, 'catalog_block', 74, 'category_2', 'page_title', 'поле строковое - page_title'),
(296, 'catalog_block', 74, 'category_2', 'category_name', 'Денежные ящики'),
(297, 'catalog_block', 75, 'category_2', 'seo_keywords', 'поле строковое - seo_keywords'),
(298, 'catalog_block', 75, 'category_2', 'seo_description', 'поле строковое - seo_description'),
(299, 'catalog_block', 75, 'category_2', 'page_title', 'поле строковое - page_title'),
(300, 'catalog_block', 75, 'category_2', 'category_name', 'Сканеры штрих-кодов'),
(301, 'catalog_block', 76, 'category_2', 'seo_keywords', 'поле строковое - seo_keywords'),
(302, 'catalog_block', 76, 'category_2', 'seo_description', 'поле строковое - seo_description'),
(303, 'catalog_block', 76, 'category_2', 'page_title', 'поле строковое - page_title'),
(304, 'catalog_block', 76, 'category_2', 'category_name', 'Бумага и этикетки'),
(305, 'catalog_block', 77, 'category_2', 'seo_keywords', 'поле строковое - seo_keywords'),
(306, 'catalog_block', 77, 'category_2', 'seo_description', 'поле строковое - seo_description'),
(307, 'catalog_block', 77, 'category_2', 'page_title', 'поле строковое - page_title'),
(308, 'catalog_block', 77, 'category_2', 'category_name', 'Дисплеи покупателя'),
(309, 'catalog_block', 78, 'category_2', 'seo_keywords', 'поле строковое - seo_keywords'),
(310, 'catalog_block', 78, 'category_2', 'seo_description', 'поле строковое - seo_description'),
(311, 'catalog_block', 78, 'category_2', 'page_title', 'поле строковое - page_title'),
(312, 'catalog_block', 78, 'category_2', 'category_name', 'Терминалы сбора данных'),
(313, 'catalog_block', 79, 'category_2', 'seo_keywords', 'поле строковое - seo_keywords'),
(314, 'catalog_block', 79, 'category_2', 'seo_description', 'поле строковое - seo_description'),
(315, 'catalog_block', 79, 'category_2', 'page_title', 'поле строковое - page_title'),
(316, 'catalog_block', 79, 'category_2', 'category_name', 'IP-телефония'),
(317, 'catalog_block', 80, 'category_2', 'seo_keywords', 'поле строковое - seo_keywords'),
(318, 'catalog_block', 80, 'category_2', 'seo_description', 'поле строковое - seo_description'),
(319, 'catalog_block', 80, 'category_2', 'page_title', 'поле строковое - page_title'),
(320, 'catalog_block', 80, 'category_2', 'category_name', 'Кассовые боксы'),
(321, 'catalog_block', 81, 'category_2', 'seo_keywords', 'поле строковое - seo_keywords'),
(322, 'catalog_block', 81, 'category_2', 'seo_description', 'поле строковое - seo_description'),
(323, 'catalog_block', 81, 'category_2', 'page_title', 'поле строковое - page_title'),
(324, 'catalog_block', 81, 'category_2', 'category_name', 'Кассовые аппараты'),
(329, 'catalog_block', 55, 'category_2', 'category_description', 'Установка и настройка программ для автоматизации процессов'),
(330, 'catalog_block', 56, 'category_2', 'category_description', ''),
(331, 'catalog_block', 57, 'category_2', 'category_description', ''),
(332, 'catalog_block', 58, 'category_2', 'category_description', ''),
(333, 'catalog_block', 59, 'category_2', 'category_description', ''),
(334, 'catalog_block', 60, 'category_2', 'category_description', ''),
(335, 'catalog_block', 61, 'category_2', 'category_description', ''),
(336, 'catalog_block', 70, 'category_2', 'category_description', ''),
(337, 'catalog_block', 71, 'category_2', 'category_description', ''),
(338, 'catalog_block', 72, 'category_2', 'category_description', ''),
(339, 'catalog_block', 73, 'category_2', 'category_description', ''),
(340, 'catalog_block', 74, 'category_2', 'category_description', ''),
(341, 'catalog_block', 75, 'category_2', 'category_description', ''),
(342, 'catalog_block', 76, 'category_2', 'category_description', ''),
(343, 'catalog_block', 77, 'category_2', 'category_description', ''),
(344, 'catalog_block', 78, 'category_2', 'category_description', ''),
(345, 'catalog_block', 79, 'category_2', 'category_description', ''),
(346, 'catalog_block', 80, 'category_2', 'category_description', ''),
(347, 'catalog_block', 81, 'category_2', 'category_description', ''),
(348, 'catalog_block', 51, 'category_1', 'category_description', 'Для торговли, общественного питания и услуг'),
(349, 'catalog_block', 52, 'category_1', 'category_description', 'Изготовление и монтаж мебели торговых помещений'),
(350, 'catalog_block', 53, 'category_1', 'category_description', 'Оборудование, монтаж, настройка систем видеонаблюдения'),
(351, 'catalog_block', 54, 'category_1', 'category_description', 'Установка и настройка программ для автоматизации процессов'),
(353, 'auto_block', 0, '', 'auto_description', 'Комплект для автоматизации на базе R-Keeper, Paloma 360 и 1C-Бухгалтерии'),
(354, 'auto_block', 0, '', 'iiko_name', ''),
(355, 'auto_block', 0, '', 'iiko-description', ''),
(356, 'auto_block', 0, '', 'auto_title', 'Готовые решения'),
(357, 'auto_block', 0, '', 'iiko_title', 'Автоматизация ресторанов, баров, столовых IIKO'),
(358, 'auto_block', 0, '', 'iiko_description', 'Решения для крупных заведений общественного питания'),
(359, 'accounting_block', 0, '', 'card_title', 'Бухгалтерия'),
(360, 'accounting_block', 0, '', 'card_description', 'Удаленная бухгалтерия для предпринимателей и компаний'),
(361, 'static_site', 83, 'adventages', 'adv_title', 'Лучшие цены в Казахстане'),
(362, 'static_site', 84, 'adventages', 'adv_title', 'Беспроцентная рассрочка '),
(363, 'static_site', 85, 'adventages', 'adv_title', 'Аренда оборудования'),
(364, 'auto_block', 86, 'auto', 'page_name', 'Розничные магазины'),
(365, 'auto_block', 86, 'auto', 'page_title', 'поле строковое - page_title'),
(366, 'auto_block', 86, 'auto', 'seo_description', 'поле строковое - seo_description'),
(367, 'auto_block', 86, 'auto', 'seo_keywords', 'поле строковое - seo_keywords'),
(368, 'auto_block', 87, 'auto', 'page_name', 'Салоны красоты'),
(369, 'auto_block', 87, 'auto', 'page_title', 'поле строковое - page_title'),
(370, 'auto_block', 87, 'auto', 'seo_description', 'поле строковое - seo_description'),
(371, 'auto_block', 87, 'auto', 'seo_keywords', 'поле строковое - seo_keywords'),
(372, 'catalog_block', 88, 'category_2', 'seo_keywords', 'поле строковое - seo_keywords'),
(373, 'catalog_block', 88, 'category_2', 'seo_description', 'поле строковое - seo_description'),
(374, 'catalog_block', 88, 'category_2', 'page_title', 'поле строковое - page_title'),
(375, 'catalog_block', 88, 'category_2', 'category_name', 'Цифровые видеорегистраторы'),
(376, 'catalog_block', 88, 'category_2', 'category_description', 'поле строковое - category_description'),
(377, 'catalog_block', 89, 'category_2', 'seo_keywords', 'поле строковое - seo_keywords'),
(378, 'catalog_block', 89, 'category_2', 'seo_description', 'поле строковое - seo_description'),
(379, 'catalog_block', 89, 'category_2', 'page_title', 'поле строковое - page_title'),
(380, 'catalog_block', 89, 'category_2', 'category_name', 'Серия «Спарта»'),
(381, 'catalog_block', 89, 'category_2', 'category_description', 'поле строковое - category_description'),
(382, 'auto_block', 90, 'auto', 'page_name', 'Бутики'),
(383, 'auto_block', 90, 'auto', 'page_title', 'поле строковое - page_title'),
(384, 'auto_block', 90, 'auto', 'seo_description', 'поле строковое - seo_description'),
(385, 'auto_block', 90, 'auto', 'seo_keywords', 'поле строковое - seo_keywords'),
(386, 'auto_block', 91, 'auto', 'page_name', 'Сеть ресторанов'),
(387, 'auto_block', 91, 'auto', 'page_title', 'поле строковое - page_title'),
(388, 'auto_block', 91, 'auto', 'seo_description', 'поле строковое - seo_description'),
(389, 'auto_block', 91, 'auto', 'seo_keywords', 'поле строковое - seo_keywords'),
(390, 'auto_block', 92, 'auto', 'page_name', 'Ресторан с обслуживанием у стола'),
(391, 'auto_block', 92, 'auto', 'page_title', 'поле строковое - page_title'),
(392, 'auto_block', 92, 'auto', 'seo_description', 'поле строковое - seo_description'),
(393, 'auto_block', 92, 'auto', 'seo_keywords', 'поле строковое - seo_keywords'),
(394, 'auto_block', 93, 'auto', 'page_name', 'Ресторан быстрого обслуживания'),
(395, 'auto_block', 93, 'auto', 'page_title', 'поле строковое - page_title'),
(396, 'auto_block', 93, 'auto', 'seo_description', 'поле строковое - seo_description'),
(397, 'auto_block', 93, 'auto', 'seo_keywords', 'поле строковое - seo_keywords'),
(398, 'auto_block', 94, 'auto', 'page_name', 'Небольшое заведение'),
(399, 'auto_block', 94, 'auto', 'page_title', 'поле строковое - page_title'),
(400, 'auto_block', 94, 'auto', 'seo_description', 'поле строковое - seo_description'),
(401, 'auto_block', 94, 'auto', 'seo_keywords', 'поле строковое - seo_keywords'),
(402, 'auto_block', 95, 'auto', 'page_name', 'Доставка'),
(403, 'auto_block', 95, 'auto', 'page_title', 'поле строковое - page_title'),
(404, 'auto_block', 95, 'auto', 'seo_description', 'поле строковое - seo_description'),
(405, 'auto_block', 95, 'auto', 'seo_keywords', 'поле строковое - seo_keywords'),
(406, 'auto_block', 96, 'auto', 'page_name', 'Корпоративное питание'),
(407, 'auto_block', 96, 'auto', 'page_title', 'поле строковое - page_title'),
(408, 'auto_block', 96, 'auto', 'seo_description', 'поле строковое - seo_description'),
(409, 'auto_block', 96, 'auto', 'seo_keywords', 'поле строковое - seo_keywords'),
(410, 'clients_filter', 97, 'institution', 'page_name', 'ресторан и кафе'),
(411, 'clients_filter', 97, 'institution', 'page_title', 'ресторанов и кафе'),
(412, 'clients_filter', 97, 'institution', 'seo_keywords', 'поле строковое - seo_keywords'),
(413, 'clients_filter', 97, 'institution', 'seo_description', 'поле строковое - seo_description'),
(414, 'clients_filter', 98, 'institution', 'page_name', 'фастфуд и столовая'),
(415, 'clients_filter', 98, 'institution', 'page_title', 'фастфудов и столовых'),
(416, 'clients_filter', 98, 'institution', 'seo_keywords', 'поле строковое - seo_keywords'),
(417, 'clients_filter', 98, 'institution', 'seo_description', 'поле строковое - seo_description'),
(418, 'clients_filter', 99, 'institution', 'page_name', 'бутик'),
(419, 'clients_filter', 99, 'institution', 'page_title', 'бутиков'),
(420, 'clients_filter', 99, 'institution', 'seo_keywords', 'поле строковое - seo_keywords'),
(421, 'clients_filter', 99, 'institution', 'seo_description', 'поле строковое - seo_description'),
(422, 'clients_filter', 100, 'institution', 'page_name', 'розничный магазин'),
(423, 'clients_filter', 100, 'institution', 'page_title', 'розничных магазинов'),
(424, 'clients_filter', 100, 'institution', 'seo_keywords', 'поле строковое - seo_keywords'),
(425, 'clients_filter', 100, 'institution', 'seo_description', 'поле строковое - seo_description'),
(426, 'clients_block', 101, 'client', 'page_name', 'La Tartine'),
(427, 'clients_block', 101, 'client', 'page_title', 'поле строковое - page_title'),
(428, 'clients_block', 101, 'client', 'seo_keywords', 'поле строковое - seo_keywords'),
(429, 'clients_block', 101, 'client', 'seo_description', 'поле строковое - seo_description'),
(430, 'clients_block', 101, 'client', 'letter_link', 'поле строковое - letter_link'),
(431, 'clients_block', 102, 'client', 'page_name', 'Boohouse'),
(432, 'clients_block', 102, 'client', 'page_title', 'поле строковое - page_title'),
(433, 'clients_block', 102, 'client', 'seo_keywords', 'поле строковое - seo_keywords'),
(434, 'clients_block', 102, 'client', 'seo_description', 'поле строковое - seo_description'),
(435, 'clients_block', 102, 'client', 'letter_link', 'поле строковое - letter_link'),
(436, 'clients_block', 103, 'client', 'page_name', 'Shisha Lounge'),
(437, 'clients_block', 103, 'client', 'page_title', 'поле строковое - page_title'),
(438, 'clients_block', 103, 'client', 'seo_keywords', 'поле строковое - seo_keywords'),
(439, 'clients_block', 103, 'client', 'seo_description', 'поле строковое - seo_description'),
(440, 'clients_block', 103, 'client', 'letter_link', 'поле строковое - letter_link'),
(441, 'clients_block', 104, 'client', 'page_name', 'Buitymania'),
(442, 'clients_block', 104, 'client', 'page_title', 'поле строковое - page_title'),
(443, 'clients_block', 104, 'client', 'seo_keywords', 'поле строковое - seo_keywords'),
(444, 'clients_block', 104, 'client', 'seo_description', 'поле строковое - seo_description'),
(445, 'clients_block', 104, 'client', 'letter_link', 'поле строковое - letter_link'),
(446, 'clients_block', 105, 'client', 'page_name', 'Mon Amie'),
(447, 'clients_block', 105, 'client', 'page_title', 'поле строковое - page_title'),
(448, 'clients_block', 105, 'client', 'seo_keywords', 'поле строковое - seo_keywords'),
(449, 'clients_block', 105, 'client', 'seo_description', 'поле строковое - seo_description'),
(450, 'clients_block', 105, 'client', 'letter_link', 'поле строковое - letter_link'),
(451, 'clients_block', 106, 'client', 'page_name', 'Каганат'),
(452, 'clients_block', 106, 'client', 'page_title', 'поле строковое - page_title'),
(453, 'clients_block', 106, 'client', 'seo_keywords', 'поле строковое - seo_keywords'),
(454, 'clients_block', 106, 'client', 'seo_description', 'поле строковое - seo_description'),
(455, 'clients_block', 106, 'client', 'letter_link', 'поле строковое - letter_link'),
(456, 'catalog_block', 107, 'product', 'product_name', 'Клавиатурный моноблок Citaq A1'),
(457, 'catalog_block', 107, 'product', 'seo_keywords', 'поле строковое - seo_keywords'),
(458, 'catalog_block', 107, 'product', 'seo_description', 'поле строковое - seo_description'),
(459, 'catalog_block', 107, 'product', 'page_title', 'Клавиатурный моноблок Citaq A1 | IDsoft.kz'),
(460, 'catalog_block', 66, 'product', 'small_description', 'Облачная система автоматизации и ведения учета в торговле и сферах услугах'),
(462, 'catalog_block', 107, 'product', 'small_description', 'Citaq A1- клавиатурная POS-система All-in-one предназначенная для автоматизации кассы розничных предприятий.'),
(463, 'catalog_block', 111, 'product_features', 'feat_name', 'Монитор'),
(464, 'catalog_block', 111, 'product_features', 'feat_value', '10" TFT LCD (1024 x 768)'),
(465, 'catalog_block', 112, 'product_features', 'feat_name', 'Процессор'),
(466, 'catalog_block', 112, 'product_features', 'feat_value', 'Intel Atom D525, 1.8GHz, Dual Core'),
(467, 'catalog_block', 113, 'product_features', 'feat_name', 'Жесткий диск'),
(468, 'catalog_block', 113, 'product_features', 'feat_value', '320 Gb, 2.5 " SATA HDD'),
(471, 'catalog_block', 115, 'product_features', 'feat_name', 'Клавиатура'),
(472, 'catalog_block', 115, 'product_features', 'feat_value', 'полностью программируемая'),
(473, 'catalog_block', 116, 'product_features', 'feat_name', 'Денежный ящик'),
(474, 'catalog_block', 116, 'product_features', 'feat_value', 'металлический'),
(475, 'catalog_block', 117, 'product_features', 'feat_name', 'Сетевая карта'),
(476, 'catalog_block', 117, 'product_features', 'feat_value', 'Ethernet 10/100/1000 BaseT'),
(477, 'catalog_block', 118, 'product_features', 'feat_name', 'Порты'),
(478, 'catalog_block', 118, 'product_features', 'feat_value', '6 × USB 2.0, 3 × COM, 1 × LPT, 1 × CR'),
(479, 'catalog_block', 119, 'product_features', 'feat_name', 'Вес'),
(480, 'catalog_block', 119, 'product_features', 'feat_value', '8,7 кг'),
(486, 'clients_filter', 0, '', 'course', '348.3'),
(509, 'catalog_block', 135, 'product_features', 'feat_name', 'Операционная система'),
(510, 'catalog_block', 135, 'product_features', 'feat_value', 'Windows / Vista'),
(511, 'catalog_block', 136, 'product_features', 'feat_name', 'Процессор'),
(512, 'catalog_block', 136, 'product_features', 'feat_value', '800 Мгц'),
(513, 'catalog_block', 137, 'product_features', 'feat_name', 'Жесткий диск'),
(514, 'catalog_block', 137, 'product_features', 'feat_value', '220 Mb'),
(515, 'catalog_block', 138, 'product_features', 'feat_name', 'ОЗУ'),
(516, 'catalog_block', 138, 'product_features', 'feat_value', '256 Mb'),
(517, 'auto_block', 143, 'auto_related', 'about_item', 'Программное обеспечение'),
(518, 'auto_block', 144, 'auto_related', 'about_item', 'Базовая станция для официантов'),
(520, 'accounting_block', 148, 'employs', 'emp_name', 'Ольга Ли'),
(521, 'accounting_block', 148, 'employs', 'emp_prof', 'Главный бухгалтер'),
(522, 'accounting_block', 149, 'employs', 'emp_name', 'Ольга Кобзева'),
(523, 'accounting_block', 149, 'employs', 'emp_prof', 'Директор'),
(524, 'accounting_block', 150, 'tarif', 'page_name', 'Промышленность'),
(525, 'accounting_block', 150, 'tarif', 'page_title', 'ur-prom'),
(526, 'accounting_block', 150, 'tarif', 'seo_keywords', 'поле строковое - seo_keywords'),
(527, 'accounting_block', 150, 'tarif', 'seo_description', 'поле строковое - seo_description'),
(528, 'accounting_block', 151, 'tarif', 'page_name', 'Сельское хозяйство'),
(529, 'accounting_block', 151, 'tarif', 'page_title', 'sel-hoz'),
(530, 'accounting_block', 151, 'tarif', 'seo_keywords', 'поле строковое - seo_keywords'),
(531, 'accounting_block', 151, 'tarif', 'seo_description', 'поле строковое - seo_description'),
(532, 'accounting_block', 150, 'tarif', 'tarif_name', ''),
(533, 'accounting_block', 151, 'tarif', 'tarif_name', ''),
(534, 'accounting_block', 152, 'tarif', 'tarif_name', 'поле строковое - tarif_name'),
(535, 'accounting_block', 152, 'tarif', 'page_name', 'Общепит'),
(536, 'accounting_block', 152, 'tarif', 'page_title', 'поле строковое - page_title'),
(537, 'accounting_block', 152, 'tarif', 'seo_keywords', 'поле строковое - seo_keywords'),
(538, 'accounting_block', 152, 'tarif', 'seo_description', 'поле строковое - seo_description'),
(539, 'accounting_block', 153, 'tarif', 'tarif_name', 'поле строковое - tarif_name'),
(540, 'accounting_block', 153, 'tarif', 'page_name', 'Промышленность'),
(541, 'accounting_block', 153, 'tarif', 'page_title', 'поле строковое - page_title'),
(542, 'accounting_block', 153, 'tarif', 'seo_keywords', 'поле строковое - seo_keywords'),
(543, 'accounting_block', 153, 'tarif', 'seo_description', 'поле строковое - seo_description'),
(544, 'clients_filter', 154, 'city', 'city_name', 'Алматы'),
(545, 'clients_filter', 155, 'city', 'city_name', 'Караганда'),
(546, 'clients_filter', 156, 'city', 'city_name', 'Актобе'),
(547, 'clients_filter', 157, 'city', 'city_name', 'Актау'),
(548, 'clients_block', 101, 'client', 'small_descr', 'Краткое описание'),
(549, 'clients_block', 102, 'client', 'small_descr', 'Краткое описание'),
(550, 'clients_block', 103, 'client', 'small_descr', 'Краткое описание'),
(551, 'clients_block', 104, 'client', 'small_descr', 'Краткое описание'),
(552, 'clients_block', 105, 'client', 'small_descr', 'Краткое описание'),
(553, 'clients_block', 106, 'client', 'small_descr', 'Краткое описание столовой каганат '),
(554, 'catalog_block', 158, 'product', 'product_name', 'Весы Штрих-Принт М v4.5'),
(555, 'catalog_block', 158, 'product', 'seo_keywords', 'поле строковое - seo_keywords'),
(556, 'catalog_block', 158, 'product', 'seo_description', 'поле строковое - seo_description'),
(557, 'catalog_block', 158, 'product', 'page_title', 'поле строковое - page_title'),
(558, 'catalog_block', 158, 'product', 'small_description', 'Весы торговые с принтером этикеток'),
(559, 'catalog_block', 161, 'product_features', 'feat_name', 'Наибольший предел взвешивания'),
(560, 'catalog_block', 161, 'product_features', 'feat_value', '15 кг'),
(561, 'catalog_block', 162, 'product_features', 'feat_name', 'Наименьший предел взвешивания'),
(562, 'catalog_block', 162, 'product_features', 'feat_value', '40 г'),
(563, 'catalog_block', 163, 'product_features', 'feat_name', 'Область применения'),
(564, 'catalog_block', 163, 'product_features', 'feat_value', 'Фасовка, Прилавок'),
(565, 'catalog_block', 164, 'product_features', 'feat_name', 'Класс точности'),
(566, 'catalog_block', 164, 'product_features', 'feat_value', 'III'),
(567, 'catalog_block', 165, 'product_features', 'feat_name', 'Тип клавиатуры'),
(568, 'catalog_block', 165, 'product_features', 'feat_value', 'Пленочная, Резиновая'),
(569, 'catalog_block', 166, 'product_features', 'feat_name', 'Метод печати'),
(570, 'catalog_block', 166, 'product_features', 'feat_value', 'Прямая термопечать'),
(571, 'catalog_block', 167, 'product', 'product_name', 'поле строковое - product_name'),
(572, 'catalog_block', 167, 'product', 'seo_keywords', 'поле строковое - seo_keywords'),
(573, 'catalog_block', 167, 'product', 'seo_description', 'поле строковое - seo_description'),
(574, 'catalog_block', 167, 'product', 'page_title', 'поле строковое - page_title'),
(575, 'catalog_block', 167, 'product', 'small_description', 'поле строковое - small_description'),
(576, 'catalog_block', 168, 'product', 'product_name', 'ЛДСП внешний угловой'),
(577, 'catalog_block', 168, 'product', 'seo_keywords', 'поле строковое - seo_keywords'),
(578, 'catalog_block', 168, 'product', 'seo_description', 'поле строковое - seo_description'),
(579, 'catalog_block', 168, 'product', 'page_title', 'ЛДСП внешний угловой — idsoft.kz'),
(580, 'catalog_block', 168, 'product', 'small_description', 'Краткое описание стеллажа Манхеттен'),
(581, 'catalog_block', 169, 'product_features', 'feat_name', 'Грузоподъёмность полки'),
(582, 'catalog_block', 169, 'product_features', 'feat_value', 'до 20'),
(583, 'catalog_block', 170, 'product_features', 'feat_name', 'Размер'),
(584, 'catalog_block', 170, 'product_features', 'feat_value', '2000х620'),
(585, 'catalog_block', 171, 'product_features', 'feat_name', 'Вес, кг'),
(586, 'catalog_block', 171, 'product_features', 'feat_value', '11,9'),
(587, 'catalog_block', 172, 'product_features', 'feat_name', 'Базовая единица'),
(588, 'catalog_block', 172, 'product_features', 'feat_value', 'шт.'),
(589, 'catalog_block', 173, 'product', 'product_name', 'Корпусная HD камера DS-2CC12D9T'),
(590, 'catalog_block', 173, 'product', 'seo_keywords', 'поле строковое - seo_keywords'),
(591, 'catalog_block', 173, 'product', 'seo_description', 'поле строковое - seo_description'),
(592, 'catalog_block', 173, 'product', 'page_title', 'поле строковое - page_title'),
(593, 'catalog_block', 173, 'product', 'small_description', 'Корпусная HD камера'),
(594, 'catalog_block', 174, 'product_features', 'feat_name', 'Производитель'),
(595, 'catalog_block', 174, 'product_features', 'feat_value', 'Hikvision '),
(596, 'catalog_block', 175, 'product_features', 'feat_name', 'Тип камеры'),
(597, 'catalog_block', 175, 'product_features', 'feat_value', 'HD-TVI '),
(598, 'catalog_block', 176, 'product_features', 'feat_name', 'Применение '),
(599, 'catalog_block', 176, 'product_features', 'feat_value', 'Внутренняя '),
(600, 'catalog_block', 177, 'product_features', 'feat_name', 'Тип матрицы'),
(601, 'catalog_block', 177, 'product_features', 'feat_value', 'CMOS'),
(602, 'catalog_block', 178, 'product_features', 'feat_name', 'Разрешающая способность (Мп)'),
(603, 'catalog_block', 178, 'product_features', 'feat_value', '2.0'),
(604, 'catalog_block', 179, 'product_features', 'feat_name', 'Изображение картинки '),
(605, 'catalog_block', 179, 'product_features', 'feat_value', 'Цветная '),
(606, 'fidback', 180, 'question', 'name', 'поле строковое - name'),
(607, 'fidback', 180, 'question', 'mail', 'поле строковое - mail'),
(608, 'fidback', 181, 'question', 'name', 'поле строковое - name'),
(609, 'fidback', 181, 'question', 'mail', 'поле строковое - mail'),
(610, 'fidback', 182, 'question', 'name', 'поле строковое - name'),
(611, 'fidback', 182, 'question', 'mail', 'поле строковое - mail'),
(612, 'fidback', 183, 'question', 'name', 'поле строковое - name'),
(613, 'fidback', 183, 'question', 'mail', 'поле строковое - mail'),
(614, 'fidback', 184, 'question', 'name', 'поле строковое - name'),
(615, 'fidback', 184, 'question', 'mail', 'поле строковое - mail'),
(616, 'fidback', 185, 'question', 'name', 'поле строковое - name'),
(617, 'fidback', 185, 'question', 'mail', 'поле строковое - mail'),
(618, 'fidback', 186, 'question', 'name', 'qwedasdfasd'),
(619, 'fidback', 186, 'question', 'mail', 'test@test.ru');

-- --------------------------------------------------------

--
-- Структура таблицы `textfields`
--

CREATE TABLE IF NOT EXISTS `textfields` (
  `id` int(10) unsigned NOT NULL AUTO_INCREMENT,
  `block_name` varchar(255) COLLATE utf8_unicode_ci NOT NULL,
  `group_id` int(11) NOT NULL,
  `group_name` varchar(255) COLLATE utf8_unicode_ci NOT NULL,
  `name` varchar(255) COLLATE utf8_unicode_ci NOT NULL,
  `value` text COLLATE utf8_unicode_ci NOT NULL,
  PRIMARY KEY (`id`)
) ENGINE=InnoDB  DEFAULT CHARSET=utf8 COLLATE=utf8_unicode_ci AUTO_INCREMENT=137 ;

--
-- Дамп данных таблицы `textfields`
--

INSERT INTO `textfields` (`id`, `block_name`, `group_id`, `group_name`, `name`, `value`) VALUES
(29, 'static_site', 0, '', 'metrik', ''),
(30, 'accounting_block', 0, '', 'content', '<h3>Возьмем бухгалетерию на себя\n</h3><br>\n<p>Как организовать образцовую бухгелтерию, избежав рутины и поиска сотрудников и организации рабочего процесса?\n</p><br>\n<p>Вам не требуется оформлять бухгалтера в штат и платить ему зарплату, организовать его рабочее место и купить оргтехнику. Вы выбираете тариф, заключаете договор и получаете профессиональную бухгалтерию без лишних хлопот.\n</p><br>\n<p>Мы сдаем отчеты и выставляем счета, помогаем в оптимизации налогов и содержим все бухгалтерские документы в образцовом порядке, а вы концентрируетесь на главном.\n</p>\n<br>'),
(31, 'accounting_block', 0, '', 'advantages', '<h3><span style="background-color: initial; font-family: Arial, sans-serif; font-size: 18px; font-weight: 700;">Работает команда&nbsp;</span><br></h3><p>В сложной ситуации, опытная команда предложит такое решение вопроса, которого не придложит штатный бухгалтер.\n</p><br><h4>\nОбразцовый порядок\n</h4><p>Благодаря отлаженным процессам, мы поддерживаем в бухгалтерском учете образцовый порядок.\n</p><br><h4>\nВсе вовремя\n</h4><p>Если у бухгалтера ведущего вашу компанию появляется риск просрочки, на помощь ему приходит команда и мы ударным темпом решаем вопрос.\n</p><h4><br></h4><h4>Надежно</h4><p>За ошибки штатного бухгалтера вы заплатите крупный штраф. Если ошибемся мы — мы возместим все затраты.\n</p><p><br></p><h4>\nВежливые люди\n</h4><p>Мы все хотим иметь дело с приятными людьми, которые хорошо знают свое дело. Для нас вежливость такой же показатель профессионализма, как и доскональное знание бухгалтерии.\n</p><br>'),
(32, 'auto_block', 62, 'auto', 'content', '<p>Кафе – одно из самых распространенных типов общественного питания в Казахстане. В этом сегменте рынка идет особо сильная конкурентная борьба за постоянных клиентов. Автоматизация такого вида бизнеса - одна из важнейших составляющих для повышения скорости и качества обслуживания, сохранения и приумножения текущей клиентской базы.\n</p>\n<p>Автоматизация процессов повышает прозрачность, сокращаются издержки, пресекаются злоупотребление, а рабочее время персонала используется рациональнее.\n</p>\n<p>Автоматизация кафе\n</p><p><br></p><br>\n<img src="/images/images_set_text_pict_139.JPG" alt=""><br><br>'),
(33, 'auto_block', 62, 'auto', 'pre_cost_text', '<p>Возможна <bold>беспроцентная рассрочка</bold> на 2 месяца и выплатами 212 000 тенге ежемесячно, или услуги <bold>аренды оборудования</bold> под 10% от стоимости комплекта.</p>'),
(34, 'auto_block', 62, 'auto', 'system_features', '<h3>Результаты</h3><br><h4>Продажи\n</h4><p>Строго фиксированный прием и оплата каждого заказа.\n</p><br><h4>Сервис\n</h4><p>Быстрое и точное обслуживание гостей, повышение скорости приготовления и подачи блюд за счет автоматизированного внесения, распределения информации о заказе в соответствующие подразделения производства (например, в горячий цех, в холодный цех или в бар) и своевременного оповещения официанта о готовности того или иного блюда или напитка. Кухня и официанты работают эффективнее.\n</p><br><h4>Персонал\n</h4><p>Статистика работы каждого сотрудника в различных разрезах дисциплинирует персонал, максимально снижается уровень злоупотреблений со стороны официантов, барменов, поваров.\n</p><br><h4>Склад\n</h4><p>Автоматизированное получение и списание продуктов, контроль уровня запасов на складе и сроков хранения продуктов, анализ закупочных цен.\n</p><br><h4>\nКухня\n</h4><p>Строгое следование рецептурам за счет калькуляционных карт, строгий учет реальных остатков ингредиентов и полуфабрикатов, автоматический расчет и анализ себестоимости блюд.\n</p><br><h4>\nУправление\n</h4><p>Анализ движения денежных и материальных средств, взаиморасчетов с контрагентами, удобное и оперативное формирование отчетов о продажах по официантам, блюдам, дням, клиентским картам.&nbsp;<span style="background-color: initial; font-family: Arial, sans-serif; font-size: 16px;">Анализ рентабельности как всего предприятия так каждого блюда/товара/услуги в отдельности.</span></p><span style="background-color: initial; font-family: Arial, sans-serif; font-size: 16px;"><br></span>'),
(35, 'auto_block', 65, 'auto', 'content', 'поле текст - content'),
(36, 'auto_block', 65, 'auto', 'pre_cost_text', 'поле текст - pre_cost_text'),
(37, 'auto_block', 65, 'auto', 'system_features', 'поле текст - system_features'),
(38, 'catalog_block', 66, 'product', 'product_description', '<h4>Описание:</h4><p><p>Paloma365 – многофункциональная программа для автоматизации бизнеса и ведения учета. Состоит из двух частей:\n</p><p>«FrontOffice» , где работают сотрудники Вашей компании, пробиваются счета, печатаются чеки и выполняются все прочие функции при работе на кассе.\n<span style="font-family: &quot;Trebuchet MS&quot;, Helvetica, Verdana, sans-serif;"></span></p><p>«BackOffice» , где создаются и редактируются справочники, документы просматриваются отчета, та часть, где происходит управление компанией.</p></p>'),
(40, 'static_site', 83, 'adventages', 'adv_text', 'Мы прямые поставщики \nи работаем без посредников.'),
(41, 'static_site', 84, 'adventages', 'adv_text', 'Оплату можно удобно провести\nв несколько платежей.'),
(42, 'static_site', 85, 'adventages', 'adv_text', 'Даем оборудование в аренду\nза 10% от стоимости в месяц.'),
(43, 'auto_block', 86, 'auto', 'content', 'поле текст - content'),
(44, 'auto_block', 86, 'auto', 'pre_cost_text', 'поле текст - pre_cost_text'),
(45, 'auto_block', 86, 'auto', 'system_features', 'поле текст - system_features'),
(46, 'auto_block', 87, 'auto', 'content', 'поле текст - content'),
(47, 'auto_block', 87, 'auto', 'pre_cost_text', 'поле текст - pre_cost_text'),
(48, 'auto_block', 87, 'auto', 'system_features', 'поле текст - system_features'),
(49, 'auto_block', 90, 'auto', 'content', 'поле текст - content'),
(50, 'auto_block', 90, 'auto', 'pre_cost_text', 'поле текст - pre_cost_text'),
(51, 'auto_block', 90, 'auto', 'system_features', 'поле текст - system_features'),
(52, 'auto_block', 91, 'auto', 'content', 'поле текст - content'),
(53, 'auto_block', 91, 'auto', 'pre_cost_text', 'поле текст - pre_cost_text'),
(54, 'auto_block', 91, 'auto', 'system_features', 'поле текст - system_features'),
(55, 'auto_block', 92, 'auto', 'content', 'поле текст - content'),
(56, 'auto_block', 92, 'auto', 'pre_cost_text', 'поле текст - pre_cost_text'),
(57, 'auto_block', 92, 'auto', 'system_features', 'поле текст - system_features'),
(58, 'auto_block', 93, 'auto', 'content', 'поле текст - content'),
(59, 'auto_block', 93, 'auto', 'pre_cost_text', 'поле текст - pre_cost_text'),
(60, 'auto_block', 93, 'auto', 'system_features', 'поле текст - system_features'),
(61, 'auto_block', 94, 'auto', 'content', 'поле текст - content'),
(62, 'auto_block', 94, 'auto', 'pre_cost_text', 'поле текст - pre_cost_text'),
(63, 'auto_block', 94, 'auto', 'system_features', 'поле текст - system_features'),
(64, 'auto_block', 95, 'auto', 'content', 'поле текст - content'),
(65, 'auto_block', 95, 'auto', 'pre_cost_text', 'поле текст - pre_cost_text'),
(66, 'auto_block', 95, 'auto', 'system_features', 'поле текст - system_features'),
(67, 'auto_block', 96, 'auto', 'content', 'поле текст - content'),
(68, 'auto_block', 96, 'auto', 'pre_cost_text', 'поле текст - pre_cost_text'),
(69, 'auto_block', 96, 'auto', 'system_features', 'поле текст - system_features'),
(70, 'clients_block', 101, 'client', 'content', '<p>После успешного опыта в автоматизации розничного магазина, компания La Tartine обратилась с просьбой внедрить систему учёта в новом кафе.\n</p><br>\n<p><span style="background-color: initial; font-family: Arial, sans-serif; font-size: 16px;">Французские бизнесмены по достоинству оценили простоту и функциональность нашей системы автоматизации. Программа работает в связке с фискальными регистратором российской компании Штрих-М.&nbsp;</span></p><span style="background-color: initial; font-family: Arial, sans-serif; font-size: 16px;"><br></span>\n<p>Официанты очень оперативно работают благодаря удобству программы, а офис, не нарушая работу кафе, всегда может контролировать весь денежный поток кафе, номенклатуру, цены.\n</p>\n<p><font face="Trebuchet MS, Helvetica, Verdana, sans-serif"><br></font></p><h3>Отзыв клиента\n</h3><br>\n<p>«Французские бизнесмены по достоинству оценили простоту и функциональность нашей системы автоматизации. Программа работает в связке с фискальными регистратором российской компании Штрих-М»\n</p>\n<p><font face="Trebuchet MS, Helvetica, Verdana, sans-serif"><br></font></p><p>Ирина Лелявская,\n</p><p>генеральныйы директо</p><p></p><p></p>'),
(71, 'clients_block', 102, 'client', 'content', 'поле текст - content'),
(72, 'clients_block', 103, 'client', 'content', 'поле текст - content'),
(73, 'clients_block', 104, 'client', 'content', 'поле текст - content'),
(74, 'clients_block', 105, 'client', 'content', 'поле текст - content'),
(75, 'clients_block', 106, 'client', 'content', 'поле текст - content'),
(76, 'catalog_block', 107, 'product', 'product_description', '<h4>Описание</h4><br><p>Citaq A1- клавиатурная POS-система All-in-one предназначенная для автоматизации кассы розничных предприятий. В основном используется в магазинах продуктовой розницы. Обладает всеми характеристиками, необходимыми для качественной бесперебойной работы кассы, включает в себя кассовый компьютер, монитор, программируемую клавиатуру, считыватель магнитных карт и денежный ящик.</p>'),
(83, 'auto_block', 141, 'auto_adv', 'card_text', '<p><a href="/accounting" style="background-color: initial;">Удаленная бухгалтерия</a><br></p><p>Приобретая готовое решение, вы получаете <strong>скидку 10%</strong> на услуги бухгалтера</p><p></p>'),
(84, 'auto_block', 142, 'auto_adv', 'card_text', '<p><span style="background-color: initial; font-family: Arial, sans-serif; font-size: 16px;">Более </span><a href="#" style="background-color: initial;">30 ресторанов и кафе</a><br></p><p>используют наше решение</p><p></p>'),
(85, 'auto_block', 62, 'auto', 'warranty', '<p>Мы доставим и настроим комплект оборудования, установим программное обеспечение. На оборудование <strong>гарантия 12 месяцев.</strong></p>'),
(86, 'auto_block', 62, 'auto', 'vozm', '<h4>Возможности системы\n</h4><p><br></p><p>Система налаживает автоматические процессы сбыта, контроля нагрузки по залам и столикам, складской учет.\n</p><br><p>Так же система позволяет печатать чеки и предзаказники, учитывать рабочее время персонала и вести учет остатков в реальном времени.</p>'),
(87, 'auto_block', 62, 'auto', 'rassr', '<p>Возможна <bold>беспроцентная рассрочка</bold> на 2 месяца и выплатами 212 000 тенге ежемесячно, или услуги <bold>аренды оборудования</bold> под 10% от стоимости комплекта.</p>'),
(88, 'auto_block', 65, 'auto', 'warranty', ''),
(89, 'auto_block', 65, 'auto', 'vozm', ''),
(90, 'auto_block', 65, 'auto', 'rassr', ''),
(91, 'auto_block', 86, 'auto', 'warranty', ''),
(92, 'auto_block', 86, 'auto', 'vozm', ''),
(93, 'auto_block', 86, 'auto', 'rassr', ''),
(94, 'auto_block', 87, 'auto', 'warranty', ''),
(95, 'auto_block', 87, 'auto', 'vozm', ''),
(96, 'auto_block', 87, 'auto', 'rassr', ''),
(97, 'auto_block', 90, 'auto', 'warranty', ''),
(98, 'auto_block', 90, 'auto', 'vozm', ''),
(99, 'auto_block', 90, 'auto', 'rassr', ''),
(100, 'auto_block', 91, 'auto', 'warranty', ''),
(101, 'auto_block', 91, 'auto', 'vozm', ''),
(102, 'auto_block', 91, 'auto', 'rassr', ''),
(103, 'auto_block', 92, 'auto', 'warranty', ''),
(104, 'auto_block', 92, 'auto', 'vozm', ''),
(105, 'auto_block', 92, 'auto', 'rassr', ''),
(106, 'auto_block', 93, 'auto', 'warranty', ''),
(107, 'auto_block', 93, 'auto', 'vozm', ''),
(108, 'auto_block', 93, 'auto', 'rassr', ''),
(109, 'auto_block', 94, 'auto', 'warranty', ''),
(110, 'auto_block', 94, 'auto', 'vozm', ''),
(111, 'auto_block', 94, 'auto', 'rassr', ''),
(112, 'auto_block', 95, 'auto', 'warranty', ''),
(113, 'auto_block', 95, 'auto', 'vozm', ''),
(114, 'auto_block', 95, 'auto', 'rassr', ''),
(115, 'auto_block', 96, 'auto', 'warranty', ''),
(116, 'auto_block', 96, 'auto', 'vozm', ''),
(117, 'auto_block', 96, 'auto', 'rassr', ''),
(118, 'accounting_block', 146, 'acc_adv', 'card_text', '<p>Мы прогнозируем и <strong>безопасно снижаем налоги</strong>, благодаря знанию налогового кодекса.</p>'),
(119, 'accounting_block', 147, 'acc_adv', 'card_text', '<p><strong>Наши услуги прозрачны \n</strong></p><p>Вы в любой момент знаете, чем мы занимаемся.</p>'),
(120, 'accounting_block', 148, 'employs', 'emp_about', '<p>Профессиональный бухгалтер РК, член ассоциации профессиональных бухгалтеров и бухгалтерских организаций. Профессиональный стаж более 15 лет.\n</p><p><br></p>\n<p>Два высших образования (техническое и экономическое). Ольга работала главным бухгалтером в крупных частных и государственных компаниях, является практикующим консультантом по финансовым вопросам и бухгалтерскому учету.</p>'),
(121, 'accounting_block', 149, 'employs', 'emp_about', '<p>Профессиональный бухгалтер РК, член ассоциации профессиональных бухгалтеров и бухгалтерских организаций. Специалист по налоговому учету c высшим экономическим образованием.\n</p><p><br></p><p>Профессиональный стаж более 13 лет, 10 из которых в аутсорсинге. Имеет практический опыт работы с казахстанскими и зарубежными компаниями малого и среднего бизнеса, а так же некоммерческими организациями.</p>'),
(122, 'accounting_block', 150, 'tarif', 'content', 'поле текст - content'),
(123, 'accounting_block', 151, 'tarif', 'content', 'поле текст - content'),
(124, 'accounting_block', 152, 'tarif', 'content', '<h3>Условия оказания услуг&nbsp;</h3><p>\nФранцузские бизнесмены по достоинству оценили простоту и функциональность нашей системы автоматизации. Программа работает в связке с фискальными регистратором российской компании Штрих-М. \n&nbsp;</p><p><br></p><p>Официанты очень оперативно работают благодаря удобству программы, а офис, не нарушая работу кафе, всегда может контролировать весь денежный поток кафе, номенклатуру, цены.</p><br><h3>\n\nТарифы</h3><p>«Французские бизнесмены по достоинству оценили простоту и функциональность нашей системы автоматизации. Программа работает в связке с фискальными регистратором российской.</p>'),
(125, 'accounting_block', 153, 'tarif', 'content', 'поле текст - content'),
(126, 'catalog_block', 158, 'product', 'product_description', '<p>"ШТРИХ-ПРИНТ" М – удобные весы с печатью этикетки в привлекательном обновлённом дизайне, которые одинаково успешно могут использоваться как для фасовки товара, так и для работы в торговом зале. Клавиатура весов с целью эргономики размещена внизу, чтобы оператору не приходилось каждый раз поднимать руку, чтобы ввести номер PLU товара. Благодаря установке на высокой и устойчивой стойке вакуумно-флуоресцентный дисплей покупателя хорошо виден над холодильными витринами-прилавками.</p>'),
(127, 'catalog_block', 167, 'product', 'product_description', 'поле текст - product_description'),
(128, 'catalog_block', 168, 'product', 'product_description', '<p>Стеллаж предназначен для создания единой линии стеллажей с учетом геометрической конфигурации торгового зала магазина \n</p>\n<p><font face="Trebuchet MS, Helvetica, Verdana, sans-serif"><br></font><p>Являясь дополнением к оборудованию, угловой стеллаж выполняет очень важную функцию - создает завершенную композицию торгового ряда \n</p>\n\n</p><p><font face="Arial, sans-serif"><span style="font-size: 16px;"><br></span></font><p>Все элементы стеллажа изготовлены из листового металла с высококачественным полимерным покрытием \n</p>\n<br><br></p>'),
(129, 'catalog_block', 173, 'product', 'product_description', '<p>1/3" CMOS, Разрешение HD1080p, 1920*1080 Эффективных пикселей, 3D DNR, True WDR ,OSD Меню, ICR, Чувствительность 0.01 Lux/F1.2, 12 VDC, 3D DNR, OSD Menu, Digital WDR.</p>'),
(130, 'fidback', 180, 'question', 'question', 'поле текст - question'),
(131, 'fidback', 181, 'question', 'question', 'поле текст - question'),
(132, 'fidback', 182, 'question', 'question', 'поле текст - question'),
(133, 'fidback', 183, 'question', 'question', 'поле текст - question'),
(134, 'fidback', 184, 'question', 'question', 'поле текст - question'),
(135, 'fidback', 185, 'question', 'question', 'поле текст - question'),
(136, 'fidback', 186, 'question', 'question', 'asdfasdfs');

-- --------------------------------------------------------

--
-- Структура таблицы `users`
--

CREATE TABLE IF NOT EXISTS `users` (
  `id` int(10) unsigned NOT NULL AUTO_INCREMENT,
  `name` varchar(255) COLLATE utf8_unicode_ci NOT NULL,
  `email` varchar(255) COLLATE utf8_unicode_ci NOT NULL,
  `password` varchar(60) COLLATE utf8_unicode_ci NOT NULL,
  `remember_token` varchar(100) COLLATE utf8_unicode_ci DEFAULT NULL,
  `created_at` timestamp NOT NULL DEFAULT '0000-00-00 00:00:00',
  `updated_at` timestamp NOT NULL DEFAULT '0000-00-00 00:00:00',
  PRIMARY KEY (`id`),
  UNIQUE KEY `users_email_unique` (`email`)
) ENGINE=InnoDB  DEFAULT CHARSET=utf8 COLLATE=utf8_unicode_ci AUTO_INCREMENT=2 ;

--
-- Дамп данных таблицы `users`
--

INSERT INTO `users` (`id`, `name`, `email`, `password`, `remember_token`, `created_at`, `updated_at`) VALUES
(1, 'idsoft', 'admin@admin.kz', '$2y$10$dGFvQi3/LHfciKg0tJItCe4e2o6ARcaBArHUiNq.6v/BC2c06yfJK', 'nNQFcPsB0dM3duCfWDGMleToYcMpNFRxtgdv3yDZg0a1KxkJMgtxHxhTP1Wk', '2016-08-31 21:37:54', '2016-08-31 23:39:50');

/*!40101 SET CHARACTER_SET_CLIENT=@OLD_CHARACTER_SET_CLIENT */;
/*!40101 SET CHARACTER_SET_RESULTS=@OLD_CHARACTER_SET_RESULTS */;
/*!40101 SET COLLATION_CONNECTION=@OLD_COLLATION_CONNECTION */;
